State,Crop,Soil_Type,Fertilizer,N,P,K,Rainfall_mm,Temperature_C,Yield_kg_per_acre,Soil_pH,Year
Karnataka,Soybean,Loamy,DAP,96,41,51,123,31.06,1899,6.82,2003
Odisha,Cotton,Red Soil,Urea,29,36,112,247,33.97,1002,6.41,2002
Punjab,Groundnut,Red Soil,Compost,37,38,177,142,24.21,1465,7.06,2015
Gujarat,Wheat,Red Soil,Compost,58,77,129,227,30.85,2273,5.93,2022
Andhra Pradesh,Cotton,Clay,Organic,108,61,63,263,37.81,1497,6.24,2017
Tamil Nadu,Rice,Black Soil,Urea,84,96,18,213,21.15,4630,6.1,2005
Gujarat,Soybean,Sandy,Organic,47,67,69,282,26.52,1778,5.75,2022
Bihar,Millets,Loamy,DAP,84,33,134,269,28.74,1583,6.15,2018
Kerala,Sugarcane,Black Soil,Organic,75,86,58,87,18.47,70433,5.94,2019
Rajasthan,Soybean,Black Soil,DAP,12,16,60,210,26.88,1466,5.57,2013
Uttar Pradesh,Maize,Alluvial,DAP,126,81,197,219,33.6,2846,7.77,2002
Bihar,Sugarcane,Loamy,NPK,108,45,79,110,31.58,84211,5.52,2006
Andhra Pradesh,Wheat,Alluvial,DAP,28,6,46,223,30.69,3134,7.34,2006
Tamil Nadu,Soybean,Loamy,DAP,125,41,40,263,36.16,2419,5.88,2003
Madhya Pradesh,Soybean,Alluvial,Compost,134,49,178,138,18.38,2237,7.78,2022
Punjab,Soybean,Clay,Organic,97,84,71,238,29.13,2134,7.73,2004
Tamil Nadu,Barley,Sandy,Compost,44,52,102,67,33.72,1723,7.13,2016
Rajasthan,Millets,Sandy,DAP,10,28,195,119,28.81,1191,7.18,2003
Rajasthan,Cotton,Loamy,NPK,135,103,23,131,24.48,1837,5.51,2022
Uttar Pradesh,Groundnut,Red Soil,Compost,98,26,173,165,20.74,1698,7.96,2012
Andhra Pradesh,Cotton,Black Soil,Compost,34,104,173,129,35.72,1379,7.69,2015
Gujarat,Cotton,Black Soil,Urea,25,15,88,64,27.41,845,7.74,2015
Uttar Pradesh,Barley,Loamy,DAP,82,62,17,225,35.53,2634,7.15,2001
Uttar Pradesh,Wheat,Alluvial,NPK,138,50,163,249,29.7,2243,6.36,2017
Punjab,Groundnut,Red Soil,Compost,51,33,45,62,31.46,1794,7.73,2000
Maharashtra,Groundnut,Clay,Compost,89,39,57,168,34.06,1825,6.23,2017
Andhra Pradesh,Rice,Alluvial,NPK,113,116,94,92,31.16,5656,6.91,2007
Odisha,Wheat,Alluvial,DAP,43,19,37,237,25.96,3064,5.75,2010
Uttar Pradesh,Sugarcane,Loamy,Urea,98,64,199,106,28.26,65996,7.8,2023
West Bengal,Cotton,Loamy,Compost,134,99,60,248,34.03,1763,5.85,2023
Telangana,Sugarcane,Black Soil,Urea,54,46,113,66,25.47,78790,6.06,2014
Maharashtra,Rice,Loamy,Organic,30,109,179,227,25.76,3592,6.9,2015
Odisha,Cotton,Loamy,DAP,131,47,110,81,19.93,1545,7.41,2016
West Bengal,Wheat,Loamy,Organic,79,84,38,199,36.26,3930,7.05,2016
Andhra Pradesh,Barley,Black Soil,Organic,105,78,136,104,19.84,2463,6.08,2011
Karnataka,Millets,Clay,Organic,114,53,91,292,30.95,1414,5.5,2009
West Bengal,Rice,Clay,DAP,57,68,19,234,26.26,5727,7.39,2019
Madhya Pradesh,Rice,Loamy,DAP,48,36,115,62,26.11,4162,7.96,2005
Maharashtra,Millets,Black Soil,NPK,40,68,176,96,31.57,1533,7.52,2007
Bihar,Rice,Clay,Urea,19,119,10,136,19.36,3704,6.65,2012
West Bengal,Soybean,Alluvial,Urea,39,6,48,111,29.86,1715,7.76,2001
Haryana,Millets,Clay,NPK,27,28,30,231,33.41,1467,6.52,2018
Karnataka,Groundnut,Clay,NPK,97,91,74,78,34.53,2108,6.81,2021
Rajasthan,Rice,Black Soil,Organic,134,70,24,71,21.42,5992,6.69,2009
Rajasthan,Cotton,Alluvial,NPK,82,42,141,114,35.91,1175,6.62,2003
Kerala,Soybean,Black Soil,Compost,24,35,197,78,31.1,1898,7.44,2011
Madhya Pradesh,Groundnut,Loamy,Urea,13,119,70,97,35.6,1264,6.82,2017
West Bengal,Sugarcane,Sandy,NPK,18,108,157,54,27.7,57723,6.29,2006
West Bengal,Groundnut,Clay,Compost,118,30,147,299,28.83,1778,6.15,2019
Kerala,Groundnut,Sandy,Compost,25,33,96,212,36.35,1461,5.59,2023
Telangana,Cotton,Black Soil,Compost,108,71,114,296,35.96,1589,6.96,2023
Telangana,Rice,Black Soil,Compost,130,82,43,251,26.96,5016,6.07,2022
Kerala,Pulses,Black Soil,Organic,61,29,133,260,23.49,896,5.87,2024
Telangana,Wheat,Sandy,Compost,78,52,119,150,25.86,4253,7.13,2003
Punjab,Rice,Black Soil,Organic,14,69,185,120,25.75,4827,7.2,2006
West Bengal,Barley,Loamy,Organic,29,57,42,223,23.74,1673,7.38,2009
Tamil Nadu,Rice,Black Soil,Compost,88,71,107,212,23.38,6020,6.76,2014
Gujarat,Cotton,Red Soil,Urea,120,94,70,222,35.19,1840,7.74,2011
Haryana,Groundnut,Sandy,Compost,11,22,19,190,19.41,2090,7.84,2000
Punjab,Groundnut,Red Soil,Compost,102,13,191,187,31.53,1650,7.52,2019
Andhra Pradesh,Wheat,Black Soil,Compost,22,42,93,115,21.47,2724,7.09,2017
Punjab,Wheat,Loamy,Urea,13,91,74,247,24.89,3655,6.26,2024
Tamil Nadu,Sugarcane,Clay,DAP,118,25,86,121,19.25,64267,7.96,2015
Andhra Pradesh,Wheat,Alluvial,DAP,83,69,10,277,23.4,4144,6.19,2004
Haryana,Rice,Alluvial,Organic,104,25,142,74,33.34,5482,6.01,2018
Tamil Nadu,Maize,Black Soil,Organic,114,31,89,221,35.67,4553,6.61,2003
Odisha,Wheat,Loamy,Urea,17,110,24,109,22.44,2343,5.64,2005
Gujarat,Barley,Sandy,NPK,76,74,37,224,27.26,2204,7.95,2016
Haryana,Rice,Red Soil,DAP,119,48,32,89,27.4,4368,6.97,2006
West Bengal,Groundnut,Red Soil,Organic,18,104,118,56,35.44,2195,6.89,2023
Telangana,Maize,Red Soil,DAP,126,32,116,223,33.23,3148,7.14,2022
Odisha,Rice,Sandy,Urea,20,49,154,200,28.25,4629,6.74,2006
Madhya Pradesh,Rice,Alluvial,Urea,108,21,122,260,31.39,5153,5.58,2008
Haryana,Rice,Loamy,NPK,51,44,107,95,34.92,4018,7.03,2012
Madhya Pradesh,Rice,Sandy,NPK,129,7,150,135,18.21,4274,7.29,2019
Andhra Pradesh,Sugarcane,Red Soil,Urea,21,80,151,190,26.05,73260,6.54,2013
Odisha,Soybean,Black Soil,Organic,46,107,148,70,36.11,2558,7.39,2015
Gujarat,Wheat,Clay,DAP,83,80,37,50,32.78,1925,6.07,2022
West Bengal,Soybean,Sandy,Compost,82,70,51,172,28.84,2761,6.05,2008
Kerala,Sugarcane,Sandy,NPK,61,50,108,196,28.58,77626,5.9,2014
West Bengal,Groundnut,Loamy,Compost,139,90,70,174,24.95,2118,6.43,2004
Tamil Nadu,Barley,Loamy,Organic,65,91,132,237,28.4,2851,7.62,2017
West Bengal,Rice,Sandy,NPK,69,34,73,82,31.09,3850,7.57,2020
Bihar,Sugarcane,Red Soil,Compost,32,73,40,53,26.36,69114,6.46,2019
Uttar Pradesh,Pulses,Clay,Organic,112,13,90,283,32.26,1379,6.97,2007
Kerala,Barley,Loamy,DAP,49,89,19,52,35.19,2196,7.3,2014
Punjab,Barley,Red Soil,Organic,73,15,17,140,21.1,2611,6.1,2020
Telangana,Wheat,Black Soil,NPK,94,73,158,101,27.02,2005,5.92,2024
Karnataka,Rice,Loamy,Urea,98,103,68,282,26.16,6019,7.93,2008
Gujarat,Groundnut,Red Soil,DAP,40,95,187,276,31.73,1563,7.04,2018
Odisha,Cotton,Red Soil,Compost,29,117,39,77,23.0,1431,7.95,2021
Uttar Pradesh,Rice,Clay,NPK,139,70,154,119,30.79,4086,6.34,2005
Gujarat,Rice,Clay,Urea,22,92,29,247,35.52,5942,7.26,2003
Odisha,Wheat,Black Soil,Organic,131,35,57,232,26.36,2916,6.06,2010
Telangana,Rice,Red Soil,Urea,112,37,139,106,36.19,5170,6.15,2009
Maharashtra,Barley,Alluvial,NPK,115,43,46,157,37.82,3021,6.78,2002
Maharashtra,Rice,Red Soil,NPK,128,98,138,264,20.14,6321,6.3,2000
Madhya Pradesh,Maize,Clay,Urea,79,50,141,274,22.67,2728,5.92,2011
Gujarat,Sugarcane,Alluvial,Organic,108,41,109,193,36.97,80701,6.16,2022
Maharashtra,Pulses,Loamy,Urea,91,119,63,73,37.13,920,5.59,2014
Bihar,Rice,Loamy,NPK,84,96,131,246,19.97,4925,7.26,2014
Kerala,Sugarcane,Sandy,NPK,127,64,34,218,18.32,77872,6.73,2020
Odisha,Pulses,Clay,Compost,93,35,140,283,21.23,1362,5.74,2013
Madhya Pradesh,Millets,Sandy,Compost,78,15,18,126,37.88,1466,5.93,2006
West Bengal,Cotton,Alluvial,DAP,68,91,43,224,21.61,2137,5.76,2016
Odisha,Wheat,Clay,NPK,135,6,52,125,28.04,2873,7.03,2023
Madhya Pradesh,Wheat,Black Soil,Compost,120,108,83,118,34.94,4157,5.74,2018
Telangana,Soybean,Red Soil,Urea,71,109,103,150,18.43,1580,7.39,2006
Gujarat,Maize,Black Soil,Organic,137,31,31,208,30.07,3975,5.55,2002
Telangana,Sugarcane,Alluvial,Urea,114,103,79,141,23.54,73619,6.12,2002
Kerala,Barley,Clay,Organic,77,6,139,141,35.21,2675,7.73,2024
Kerala,Cotton,Alluvial,Compost,24,107,103,79,23.67,1200,7.3,2017
Uttar Pradesh,Barley,Red Soil,DAP,44,105,41,67,31.71,2526,5.68,2019
Telangana,Maize,Loamy,Urea,23,25,115,93,31.46,2033,7.55,2021
Tamil Nadu,Maize,Loamy,Urea,111,62,153,204,22.44,3126,6.73,2013
West Bengal,Millets,Alluvial,Urea,109,9,10,148,18.71,728,7.62,2002
Haryana,Maize,Sandy,Organic,16,56,81,203,26.18,2927,7.0,2006
Telangana,Wheat,Clay,Compost,39,49,185,170,23.79,1906,7.2,2006
Uttar Pradesh,Barley,Clay,Urea,58,89,59,280,34.15,1978,7.98,2004
Andhra Pradesh,Wheat,Loamy,Urea,120,97,150,290,33.98,2215,6.08,2002
Bihar,Soybean,Black Soil,DAP,81,24,24,164,27.13,1995,7.06,2017
Odisha,Barley,Red Soil,DAP,89,65,62,109,30.11,3360,6.65,2014
Kerala,Wheat,Black Soil,Compost,92,42,181,195,30.07,4077,5.6,2019
Andhra Pradesh,Sugarcane,Black Soil,Compost,51,24,17,274,34.51,57444,5.54,2013
Uttar Pradesh,Wheat,Alluvial,NPK,26,118,83,266,26.49,3081,5.8,2003
Madhya Pradesh,Barley,Loamy,DAP,16,29,55,105,23.51,2711,7.12,2023
Haryana,Cotton,Loamy,NPK,19,6,78,80,23.3,1447,6.92,2007
West Bengal,Pulses,Loamy,Organic,43,36,123,150,28.71,1233,6.88,2020
West Bengal,Sugarcane,Alluvial,NPK,45,30,156,108,26.98,62945,5.58,2012
West Bengal,Cotton,Sandy,Urea,15,74,175,173,26.8,1584,6.67,2021
Bihar,Rice,Black Soil,NPK,38,45,132,179,19.84,4236,7.81,2007
Haryana,Pulses,Alluvial,Compost,135,71,148,146,32.35,598,6.49,2014
Bihar,Rice,Clay,Organic,90,101,126,216,22.28,5410,7.06,2016
Kerala,Cotton,Red Soil,Urea,84,5,52,238,21.95,1720,7.45,2004
Bihar,Rice,Sandy,NPK,35,55,29,284,26.25,4331,7.46,2019
Karnataka,Rice,Clay,Organic,136,9,157,156,22.56,5143,6.8,2003
Haryana,Sugarcane,Black Soil,Organic,124,17,30,240,29.66,81360,7.64,2010
Tamil Nadu,Maize,Loamy,Urea,135,23,91,273,25.43,4288,6.48,2017
Haryana,Wheat,Black Soil,NPK,37,16,66,67,26.97,3176,7.72,2009
Uttar Pradesh,Cotton,Alluvial,Organic,84,52,187,194,28.73,1602,6.1,2016
Karnataka,Maize,Red Soil,Organic,87,29,83,275,22.08,3433,6.2,2014
West Bengal,Wheat,Alluvial,DAP,99,61,107,216,21.13,3001,5.63,2005
Uttar Pradesh,Cotton,Sandy,Organic,30,119,163,120,35.58,1079,7.49,2022
Uttar Pradesh,Millets,Sandy,DAP,63,39,167,155,26.67,1101,6.54,2020
Kerala,Maize,Red Soil,NPK,112,80,119,103,26.24,3503,6.07,2015
Rajasthan,Maize,Clay,NPK,68,98,124,294,18.73,3353,6.08,2014
Punjab,Barley,Clay,NPK,81,9,168,276,27.95,3489,7.75,2007
Karnataka,Rice,Sandy,Compost,29,102,51,143,29.07,5025,7.58,2008
Uttar Pradesh,Barley,Sandy,NPK,121,26,77,125,29.16,2278,6.88,2010
Punjab,Rice,Loamy,Organic,68,107,198,84,32.12,3532,7.04,2001
Punjab,Soybean,Clay,Urea,80,81,198,60,21.56,1570,6.69,2012
Karnataka,Wheat,Red Soil,DAP,118,61,79,110,23.05,3933,6.48,2003
Rajasthan,Rice,Clay,Compost,138,51,87,93,34.19,5511,7.79,2008
Andhra Pradesh,Maize,Loamy,NPK,65,58,99,170,36.91,4223,5.81,2004
Madhya Pradesh,Soybean,Alluvial,NPK,44,7,120,117,20.73,2059,6.55,2018
Tamil Nadu,Cotton,Sandy,Urea,132,57,121,74,27.94,1757,6.36,2021
Madhya Pradesh,Groundnut,Sandy,Urea,113,88,112,225,22.29,1988,6.75,2002
Haryana,Groundnut,Loamy,Compost,16,35,154,209,19.22,2084,6.64,2020
West Bengal,Sugarcane,Red Soil,DAP,36,73,28,133,24.51,79514,6.8,2002
Tamil Nadu,Groundnut,Sandy,NPK,10,92,188,163,20.89,1765,5.85,2005
Haryana,Maize,Black Soil,Compost,96,108,79,272,32.18,3471,6.78,2009
Uttar Pradesh,Rice,Sandy,Organic,50,37,72,181,28.66,5203,6.11,2004
West Bengal,Rice,Black Soil,Organic,132,76,84,295,20.89,5527,5.96,2024
Odisha,Barley,Loamy,Compost,84,92,167,215,18.2,1993,5.66,2002
Karnataka,Wheat,Loamy,NPK,51,54,162,294,34.13,1690,7.41,2021
Tamil Nadu,Sugarcane,Sandy,Compost,126,88,113,240,21.53,71286,6.57,2023
Tamil Nadu,Wheat,Clay,NPK,72,20,84,224,30.11,3218,7.07,2006
Telangana,Wheat,Black Soil,Urea,136,118,137,50,24.74,2434,7.32,2021
Uttar Pradesh,Pulses,Red Soil,Compost,57,80,163,180,29.69,815,7.2,2017
Andhra Pradesh,Cotton,Sandy,NPK,12,81,65,278,24.31,1610,6.68,2022
Punjab,Soybean,Red Soil,Compost,125,113,31,135,19.75,2444,6.47,2007
West Bengal,Sugarcane,Sandy,Compost,108,110,98,111,22.47,64468,6.44,2000
Uttar Pradesh,Soybean,Clay,NPK,125,43,28,113,21.77,1743,7.1,2024
Maharashtra,Barley,Clay,NPK,23,93,168,194,26.55,1811,6.74,2003
Rajasthan,Wheat,Clay,DAP,121,50,35,175,31.15,2476,7.62,2023
Punjab,Millets,Alluvial,Compost,70,100,179,255,23.28,1695,7.69,2006
Karnataka,Maize,Clay,Organic,104,92,178,154,18.26,2881,5.93,2013
Punjab,Maize,Loamy,Compost,26,116,32,111,28.37,3325,5.84,2012
Andhra Pradesh,Millets,Loamy,Compost,133,51,56,84,30.1,1338,7.08,2009
Kerala,Wheat,Alluvial,NPK,33,48,22,299,37.22,3784,6.25,2022
Telangana,Pulses,Black Soil,Compost,125,13,75,62,29.77,800,5.55,2017
Punjab,Cotton,Red Soil,Compost,91,108,153,212,27.42,1298,7.72,2000
Karnataka,Rice,Sandy,Organic,59,118,82,92,29.45,3175,6.07,2003
Andhra Pradesh,Groundnut,Sandy,NPK,88,91,165,179,36.52,1477,7.82,2015
Madhya Pradesh,Rice,Alluvial,Compost,88,54,86,233,34.54,5614,7.29,2015
Tamil Nadu,Cotton,Loamy,Urea,79,81,172,160,24.46,1113,7.41,2017
Kerala,Barley,Sandy,DAP,36,64,178,254,22.75,2020,6.0,2007
Telangana,Barley,Loamy,Organic,24,100,40,177,23.26,3059,6.09,2009
Tamil Nadu,Pulses,Black Soil,Compost,59,118,94,100,28.08,1141,6.8,2015
Rajasthan,Cotton,Red Soil,Urea,45,19,169,231,32.86,1238,5.93,2022
Haryana,Maize,Black Soil,Compost,17,40,191,193,28.05,1728,6.26,2023
Kerala,Rice,Alluvial,Compost,88,117,68,195,19.37,3842,6.3,2010
Kerala,Wheat,Clay,NPK,56,67,50,184,32.45,3909,5.9,2005
Madhya Pradesh,Wheat,Clay,NPK,114,73,121,94,34.09,4012,6.01,2000
Madhya Pradesh,Wheat,Clay,NPK,107,90,105,213,23.79,4113,7.47,2011
West Bengal,Maize,Black Soil,Urea,105,84,191,218,31.26,4360,5.92,2024
Bihar,Rice,Sandy,Compost,125,45,177,271,26.53,5597,5.57,2005
Punjab,Wheat,Red Soil,DAP,22,78,131,91,35.75,1989,7.07,2012
Kerala,Soybean,Clay,Organic,10,28,165,282,34.87,1742,7.94,2016
Tamil Nadu,Soybean,Alluvial,NPK,43,86,174,184,28.5,2350,6.33,2000
Karnataka,Soybean,Alluvial,NPK,88,53,114,64,31.81,2766,5.8,2007
Gujarat,Pulses,Clay,Compost,87,22,83,109,35.63,978,6.93,2021
Bihar,Soybean,Clay,Compost,130,11,192,89,27.9,2423,7.77,2007
Gujarat,Soybean,Red Soil,Urea,102,8,141,260,24.27,2905,7.46,2023
Telangana,Groundnut,Clay,Urea,107,94,108,284,33.05,1360,7.06,2010
Andhra Pradesh,Sugarcane,Red Soil,NPK,91,73,135,214,22.41,84318,6.29,2013
Tamil Nadu,Pulses,Alluvial,Compost,47,64,147,243,25.77,675,6.85,2023
Tamil Nadu,Sugarcane,Clay,DAP,23,59,184,283,35.28,71451,5.73,2009
Bihar,Maize,Black Soil,Organic,100,20,84,161,32.46,2702,7.2,2014
Kerala,Rice,Black Soil,Compost,63,103,23,232,26.07,5199,7.31,2006
Rajasthan,Soybean,Alluvial,Compost,139,94,47,126,22.3,2493,7.91,2006
Bihar,Pulses,Red Soil,Urea,110,86,149,281,25.12,918,6.15,2009
Gujarat,Sugarcane,Black Soil,Organic,98,33,54,154,23.69,84352,5.55,2003
Bihar,Maize,Red Soil,NPK,65,27,154,284,21.53,3472,6.86,2024
Tamil Nadu,Sugarcane,Black Soil,Compost,103,18,172,156,32.84,79520,7.27,2017
Rajasthan,Maize,Black Soil,NPK,102,83,84,296,23.05,2560,7.48,2024
Punjab,Maize,Red Soil,Compost,93,53,178,171,27.08,4182,5.98,2009
Maharashtra,Pulses,Sandy,NPK,94,37,38,272,25.71,683,6.15,2018
West Bengal,Millets,Black Soil,Organic,31,29,27,129,37.6,889,6.78,2013
Odisha,Maize,Clay,Urea,44,25,29,283,25.82,2102,6.33,2012
Madhya Pradesh,Maize,Alluvial,Organic,25,21,23,174,19.61,2687,7.65,2014
Bihar,Soybean,Sandy,DAP,59,27,171,233,19.81,2667,6.68,2015
Telangana,Maize,Red Soil,Urea,131,61,186,221,29.8,2997,7.5,2001
Haryana,Soybean,Sandy,Organic,137,111,63,234,29.97,2208,6.95,2003
Andhra Pradesh,Rice,Loamy,DAP,122,85,40,183,26.37,6107,7.43,2020
Maharashtra,Pulses,Loamy,Compost,26,62,67,269,26.63,1179,6.33,2017
West Bengal,Rice,Black Soil,Compost,89,18,113,81,19.1,5190,7.58,2016
West Bengal,Rice,Black Soil,NPK,139,97,179,157,28.32,4496,6.19,2009
West Bengal,Groundnut,Clay,Urea,94,24,195,251,28.08,2113,6.87,2020
West Bengal,Cotton,Alluvial,Compost,103,34,137,163,21.0,1276,6.04,2008
Gujarat,Sugarcane,Sandy,Urea,90,23,167,195,20.09,88568,6.69,2014
Telangana,Cotton,Loamy,Compost,78,57,34,117,20.48,1549,6.3,2011
Telangana,Cotton,Black Soil,NPK,78,107,28,176,20.03,1817,6.17,2020
Rajasthan,Wheat,Alluvial,Organic,25,60,145,250,30.18,1781,7.92,2008
Madhya Pradesh,Sugarcane,Sandy,NPK,60,81,12,184,21.94,63522,5.9,2013
Tamil Nadu,Sugarcane,Black Soil,DAP,114,86,95,163,23.03,59751,7.47,2012
West Bengal,Soybean,Black Soil,Compost,75,27,154,57,21.48,1985,7.96,2005
Haryana,Wheat,Loamy,DAP,18,66,151,113,37.12,2033,5.55,2018
Tamil Nadu,Rice,Loamy,DAP,116,114,18,284,35.06,6169,7.25,2003
Telangana,Maize,Black Soil,Urea,109,37,199,184,22.62,2513,6.13,2019
Karnataka,Maize,Red Soil,Compost,95,107,103,90,24.55,3894,5.6,2016
Karnataka,Wheat,Black Soil,DAP,73,108,158,89,22.21,2014,6.51,2018
Haryana,Rice,Alluvial,Organic,31,22,174,52,27.83,3181,7.84,2002
Rajasthan,Rice,Black Soil,DAP,119,77,148,194,18.41,5987,5.53,2013
Telangana,Barley,Clay,Organic,106,37,29,243,31.41,3266,6.97,2016
Haryana,Rice,Clay,Urea,27,36,44,256,28.45,4678,6.75,2012
Gujarat,Wheat,Clay,DAP,80,65,62,159,35.94,1860,7.68,2008
Bihar,Wheat,Red Soil,NPK,136,58,184,270,21.3,3760,5.71,2000
Haryana,Rice,Red Soil,Urea,106,21,119,163,34.05,4757,7.2,2024
Punjab,Sugarcane,Black Soil,Organic,10,23,189,161,33.81,65761,7.2,2016
Tamil Nadu,Rice,Clay,Urea,13,95,145,229,20.56,4885,7.17,2015
Maharashtra,Maize,Red Soil,DAP,134,74,13,199,25.97,3442,7.86,2017
Uttar Pradesh,Sugarcane,Loamy,Compost,91,103,164,53,21.41,58142,7.56,2001
Rajasthan,Rice,Black Soil,Compost,36,105,181,298,23.1,6061,5.6,2013
Haryana,Wheat,Alluvial,Organic,68,38,177,293,23.27,3727,6.68,2021
Telangana,Barley,Sandy,Organic,41,88,111,183,29.11,1706,6.49,2022
Andhra Pradesh,Wheat,Black Soil,Compost,37,29,56,215,26.22,2888,6.28,2016
Karnataka,Rice,Sandy,Organic,115,72,103,75,36.92,3636,6.63,2002
Punjab,Pulses,Clay,Urea,114,78,181,188,20.54,1421,6.46,2001
Madhya Pradesh,Soybean,Sandy,NPK,79,78,57,267,37.44,2335,6.58,2007
West Bengal,Cotton,Clay,NPK,71,92,100,66,22.62,1021,7.95,2024
Uttar Pradesh,Wheat,Loamy,Urea,43,89,189,265,33.43,1606,5.72,2001
Kerala,Millets,Sandy,NPK,96,15,93,141,24.78,641,7.81,2001
Rajasthan,Soybean,Black Soil,DAP,123,95,77,276,20.87,2353,6.7,2008
Maharashtra,Soybean,Clay,Urea,115,20,148,80,35.13,2661,7.06,2019
Uttar Pradesh,Soybean,Black Soil,Organic,65,94,134,254,24.18,1541,7.58,2020
Haryana,Soybean,Red Soil,Urea,122,65,82,295,31.16,1919,6.4,2024
Gujarat,Soybean,Clay,Compost,22,98,13,212,29.31,1678,6.58,2005
Karnataka,Rice,Sandy,Organic,27,117,85,193,27.43,3754,6.52,2011
Telangana,Rice,Clay,Compost,122,84,82,256,27.91,5217,6.44,2024
Karnataka,Groundnut,Black Soil,Organic,48,11,86,156,32.62,1771,7.81,2008
Madhya Pradesh,Wheat,Loamy,NPK,88,20,57,195,19.77,3675,7.57,2006
Gujarat,Soybean,Clay,Urea,39,103,163,160,31.34,2701,5.77,2011
West Bengal,Wheat,Sandy,DAP,107,20,111,150,35.88,4137,5.77,2024
Telangana,Rice,Red Soil,Organic,67,44,115,161,19.17,4862,6.57,2004
Tamil Nadu,Sugarcane,Alluvial,Organic,76,16,86,111,20.82,79961,5.75,2015
Odisha,Soybean,Loamy,Compost,80,39,48,161,32.31,2846,7.05,2004
Punjab,Rice,Red Soil,NPK,115,117,67,290,26.74,4497,5.86,2011
Karnataka,Groundnut,Clay,Compost,16,25,28,282,26.07,955,6.81,2023
Andhra Pradesh,Barley,Black Soil,Compost,49,54,97,204,20.75,1698,5.52,2019
Karnataka,Maize,Black Soil,NPK,79,47,122,296,28.12,3348,6.29,2008
Uttar Pradesh,Rice,Sandy,DAP,77,104,86,212,20.54,5647,7.19,2022
Karnataka,Groundnut,Black Soil,Compost,58,116,86,165,27.52,1551,6.71,2006
Rajasthan,Millets,Loamy,Compost,61,21,195,222,33.25,1308,7.95,2018
Karnataka,Soybean,Black Soil,Organic,123,36,37,295,23.17,2366,7.69,2019
Odisha,Soybean,Sandy,NPK,116,45,75,84,27.61,1706,6.4,2022
Odisha,Wheat,Alluvial,Urea,38,10,19,77,37.8,2232,5.61,2010
West Bengal,Cotton,Clay,DAP,87,92,135,152,31.71,1025,7.61,2020
Maharashtra,Pulses,Clay,DAP,18,31,67,174,34.8,621,7.78,2011
Tamil Nadu,Sugarcane,Black Soil,NPK,85,24,151,151,26.29,82603,7.55,2002
Andhra Pradesh,Groundnut,Red Soil,Organic,51,29,134,186,33.33,2131,5.82,2016
Karnataka,Rice,Clay,Organic,137,70,121,253,18.83,6393,7.99,2006
Karnataka,Pulses,Alluvial,NPK,29,13,93,192,20.47,1299,6.15,2021
Punjab,Barley,Black Soil,Organic,81,96,152,70,22.07,3232,7.31,2009
Telangana,Rice,Sandy,DAP,74,57,105,101,26.03,4940,7.77,2022
Odisha,Millets,Alluvial,DAP,122,65,42,212,34.88,1470,6.09,2014
Andhra Pradesh,Pulses,Black Soil,Urea,33,42,154,283,24.92,1234,7.77,2001
West Bengal,Sugarcane,Alluvial,NPK,137,7,161,146,31.07,72477,6.27,2012
Madhya Pradesh,Soybean,Clay,Compost,92,88,167,100,32.16,2013,7.94,2003
Maharashtra,Wheat,Sandy,Compost,72,74,199,132,29.71,3538,6.2,2017
Tamil Nadu,Barley,Black Soil,Urea,69,107,150,104,25.14,2282,7.88,2023
Gujarat,Groundnut,Loamy,Urea,108,101,199,264,29.53,1929,5.63,2022
Tamil Nadu,Barley,Sandy,Organic,71,59,56,126,24.84,2535,7.27,2000
Rajasthan,Cotton,Loamy,Urea,39,5,121,176,19.69,1356,6.83,2001
Uttar Pradesh,Soybean,Alluvial,Urea,31,105,153,221,37.82,2686,6.69,2001
Rajasthan,Wheat,Red Soil,Compost,135,74,52,242,20.56,2922,6.06,2003
Karnataka,Soybean,Sandy,Organic,51,49,17,292,19.46,1767,7.26,2002
Kerala,Pulses,Alluvial,Urea,107,102,12,142,35.54,677,5.98,2016
Maharashtra,Barley,Loamy,Urea,40,51,134,137,24.04,3081,6.88,2013
Uttar Pradesh,Sugarcane,Clay,Organic,121,83,21,129,30.99,74944,6.13,2001
Andhra Pradesh,Maize,Clay,NPK,131,113,93,202,24.58,3826,7.89,2015
Gujarat,Cotton,Red Soil,Organic,26,30,25,296,25.83,2194,5.57,2010
Odisha,Rice,Sandy,Compost,47,18,87,264,23.25,4523,6.0,2024
Maharashtra,Rice,Sandy,NPK,119,58,68,141,24.86,4219,6.11,2012
Maharashtra,Rice,Sandy,DAP,31,75,186,96,26.21,3347,6.54,2000
Rajasthan,Groundnut,Alluvial,Organic,65,50,72,257,32.39,2047,6.08,2024
Kerala,Rice,Red Soil,Compost,128,35,199,284,28.22,5956,6.73,2022
Karnataka,Rice,Sandy,NPK,66,92,58,233,36.83,4196,7.68,2001
Haryana,Pulses,Alluvial,Organic,44,63,60,87,18.86,659,7.28,2001
West Bengal,Barley,Clay,Urea,123,99,42,188,28.05,2232,6.95,2020
Rajasthan,Rice,Loamy,Organic,134,33,39,244,29.67,5880,5.72,2004
Maharashtra,Maize,Alluvial,DAP,138,110,196,64,36.37,2466,7.23,2003
Bihar,Sugarcane,Clay,Organic,61,100,85,50,19.0,55622,5.92,2011
Punjab,Soybean,Clay,NPK,94,21,24,184,29.46,2060,7.47,2002
Gujarat,Barley,Loamy,NPK,74,18,91,50,35.04,3014,6.13,2019
West Bengal,Barley,Clay,Organic,138,108,101,98,22.84,3341,6.54,2009
Rajasthan,Wheat,Red Soil,NPK,30,40,32,145,35.49,2479,6.38,2019
Gujarat,Wheat,Loamy,Urea,25,62,103,250,18.4,3332,7.65,2017
Punjab,Groundnut,Clay,Organic,132,116,54,206,32.63,1973,5.82,2020
Madhya Pradesh,Rice,Black Soil,Urea,70,28,71,75,36.63,5600,6.91,2020
Punjab,Soybean,Alluvial,Urea,63,113,24,136,31.12,1595,5.86,2020
Kerala,Barley,Clay,Compost,35,67,55,222,26.77,2656,7.26,2009
Punjab,Soybean,Red Soil,Organic,89,95,73,284,18.91,2192,7.76,2000
Gujarat,Wheat,Sandy,NPK,74,29,183,142,36.37,2165,6.59,2005
Tamil Nadu,Millets,Clay,Urea,109,63,193,293,27.4,1574,6.72,2010
Gujarat,Sugarcane,Sandy,Compost,83,36,181,151,18.6,64367,7.82,2001
Haryana,Groundnut,Black Soil,Organic,26,86,84,274,31.78,1474,6.8,2006
Karnataka,Groundnut,Clay,Organic,130,114,166,120,27.63,1777,6.72,2019
Uttar Pradesh,Soybean,Loamy,DAP,32,22,199,189,20.5,1594,6.95,2020
Tamil Nadu,Maize,Sandy,DAP,80,41,61,144,22.29,3050,7.22,2020
Odisha,Soybean,Black Soil,Urea,117,30,191,209,19.31,2278,5.77,2020
Uttar Pradesh,Rice,Loamy,DAP,88,13,97,167,29.47,5506,7.55,2017
Karnataka,Pulses,Loamy,Urea,55,103,66,197,30.42,1341,6.59,2020
Rajasthan,Soybean,Loamy,NPK,87,68,92,168,28.1,1685,5.68,2018
West Bengal,Barley,Loamy,Urea,25,76,75,100,34.31,2591,7.47,2003
Haryana,Pulses,Clay,DAP,80,24,159,130,35.19,1485,6.44,2012
Haryana,Soybean,Alluvial,NPK,105,58,29,85,30.3,1683,5.75,2017
Odisha,Barley,Clay,DAP,11,110,42,116,18.27,2306,7.08,2019
Tamil Nadu,Rice,Clay,Urea,19,90,81,178,31.88,5014,7.7,2024
Kerala,Millets,Black Soil,Compost,134,87,34,163,26.35,1394,7.72,2023
Telangana,Rice,Black Soil,Organic,90,34,55,204,29.3,3997,7.89,2012
Madhya Pradesh,Maize,Alluvial,DAP,79,57,82,294,30.96,2965,7.67,2018
Punjab,Rice,Black Soil,Urea,41,96,107,160,25.0,4486,5.51,2016
Tamil Nadu,Barley,Red Soil,NPK,114,103,66,217,36.31,3762,6.45,2000
West Bengal,Sugarcane,Alluvial,DAP,93,111,96,274,20.69,61072,7.55,2005
Madhya Pradesh,Rice,Black Soil,DAP,138,67,142,261,31.41,6902,6.42,2018
Haryana,Barley,Alluvial,Organic,67,15,64,191,18.11,2412,7.0,2019
Gujarat,Groundnut,Clay,Urea,54,35,70,149,36.46,1322,7.02,2000
West Bengal,Cotton,Clay,Compost,106,53,98,246,20.26,1647,6.41,2007
Karnataka,Cotton,Alluvial,NPK,32,116,17,264,19.91,1903,7.76,2016
Odisha,Wheat,Red Soil,Urea,32,107,25,158,24.66,2134,6.76,2020
Karnataka,Groundnut,Red Soil,NPK,88,104,185,169,25.47,1542,6.66,2021
Telangana,Millets,Alluvial,DAP,53,98,125,128,22.29,1710,7.99,2014
West Bengal,Soybean,Black Soil,Organic,36,91,70,183,29.69,2742,6.73,2017
Andhra Pradesh,Maize,Sandy,Organic,35,23,24,210,26.85,2476,5.95,2006
Andhra Pradesh,Cotton,Red Soil,Compost,106,16,159,232,18.7,1327,6.78,2015
Rajasthan,Barley,Loamy,Organic,45,19,140,68,24.39,3052,7.54,2006
Tamil Nadu,Pulses,Clay,DAP,118,35,111,176,34.18,1160,7.44,2016
Haryana,Rice,Alluvial,Compost,64,47,63,254,31.77,3989,7.47,2003
Haryana,Barley,Loamy,Urea,78,105,23,78,32.47,3494,7.27,2011
Punjab,Soybean,Alluvial,Organic,70,41,45,238,31.94,1497,6.14,2012
Punjab,Barley,Clay,Compost,139,83,114,247,24.22,3220,7.66,2003
Punjab,Groundnut,Clay,DAP,64,33,91,256,20.01,1643,7.73,2020
Gujarat,Millets,Red Soil,NPK,131,118,76,257,23.45,1323,5.99,2000
Uttar Pradesh,Soybean,Red Soil,NPK,106,111,19,73,34.61,1843,5.83,2000
Maharashtra,Rice,Loamy,DAP,89,30,58,200,37.57,5501,7.94,2006
Uttar Pradesh,Sugarcane,Alluvial,DAP,96,112,120,289,27.87,87630,7.67,2008
Karnataka,Groundnut,Clay,NPK,47,6,74,59,18.21,1636,7.73,2000
Uttar Pradesh,Cotton,Loamy,Compost,128,88,66,231,20.81,1737,7.72,2015
Gujarat,Soybean,Sandy,NPK,87,19,36,154,24.44,1807,6.85,2017
Rajasthan,Wheat,Loamy,DAP,44,8,122,218,29.56,3761,7.12,2021
Karnataka,Rice,Black Soil,Organic,88,90,142,226,19.52,6333,6.86,2014
Uttar Pradesh,Cotton,Loamy,Urea,76,54,80,194,36.83,1952,5.63,2005
Gujarat,Wheat,Black Soil,Organic,96,42,92,290,25.3,3299,7.36,2001
Maharashtra,Soybean,Black Soil,Organic,43,27,66,233,36.22,2707,6.76,2008
Uttar Pradesh,Barley,Black Soil,DAP,106,63,129,285,33.58,2206,7.12,2003
Gujarat,Cotton,Sandy,NPK,80,94,102,222,33.08,1670,6.76,2012
Telangana,Groundnut,Loamy,Compost,12,119,24,207,30.12,1634,6.73,2022
Punjab,Soybean,Loamy,Organic,67,79,120,221,30.52,2105,5.93,2021
Telangana,Wheat,Sandy,NPK,41,32,110,287,30.74,3510,6.2,2010
Haryana,Barley,Clay,Compost,40,70,128,251,30.56,2806,5.9,2012
Punjab,Wheat,Red Soil,Organic,91,12,85,104,29.06,2214,5.99,2010
Haryana,Cotton,Loamy,Compost,52,33,167,196,37.69,1473,7.93,2018
Bihar,Sugarcane,Red Soil,NPK,114,15,29,206,32.62,66528,5.88,2007
Odisha,Sugarcane,Alluvial,Urea,10,105,174,51,33.51,74231,6.17,2006
Telangana,Cotton,Alluvial,NPK,70,22,140,213,35.42,1446,6.98,2024
Odisha,Sugarcane,Sandy,DAP,23,59,82,196,22.32,58987,7.03,2015
Odisha,Millets,Alluvial,Compost,15,54,131,184,19.69,1449,5.88,2002
Maharashtra,Cotton,Alluvial,Urea,112,18,50,203,27.65,2042,7.48,2016
Punjab,Sugarcane,Clay,Compost,19,78,176,256,28.27,86674,7.46,2017
Bihar,Maize,Clay,Compost,80,103,163,160,34.55,4296,6.09,2014
Haryana,Rice,Clay,Organic,99,13,139,297,26.87,6210,6.22,2016
Gujarat,Soybean,Alluvial,DAP,135,103,32,87,29.4,1849,7.84,2010
Karnataka,Soybean,Sandy,Compost,106,15,32,180,28.53,2803,7.56,2004
Gujarat,Barley,Black Soil,NPK,83,67,153,151,18.78,2534,7.24,2015
Karnataka,Pulses,Black Soil,NPK,124,112,18,257,30.29,1302,5.71,2014
Telangana,Maize,Red Soil,Organic,60,80,22,243,34.53,3141,6.55,2009
Andhra Pradesh,Wheat,Black Soil,DAP,65,71,165,144,21.16,3861,6.9,2013
Gujarat,Maize,Black Soil,DAP,50,57,164,141,29.87,2828,5.97,2001
Uttar Pradesh,Rice,Clay,NPK,41,43,60,120,29.86,3168,6.62,2015
Uttar Pradesh,Wheat,Clay,Urea,24,82,73,271,21.29,2961,7.0,2018
Tamil Nadu,Soybean,Alluvial,Organic,71,60,61,220,20.48,1640,6.32,2007
Punjab,Barley,Red Soil,Organic,37,32,47,299,37.56,3322,7.45,2014
Karnataka,Wheat,Loamy,NPK,73,79,109,239,25.87,3114,7.6,2009
Karnataka,Barley,Red Soil,NPK,139,43,155,248,22.55,3091,6.31,2004
West Bengal,Groundnut,Red Soil,Urea,136,29,60,277,21.44,2487,7.6,2019
Rajasthan,Soybean,Sandy,Urea,45,25,146,270,31.33,2216,5.76,2015
Punjab,Cotton,Alluvial,DAP,123,14,150,73,30.17,1179,7.59,2020
Maharashtra,Rice,Sandy,Organic,22,47,177,293,30.85,4317,5.88,2021
Tamil Nadu,Millets,Red Soil,Organic,24,19,64,216,19.77,1252,5.71,2011
Maharashtra,Soybean,Red Soil,NPK,98,87,118,117,35.84,2791,7.1,2022
Telangana,Barley,Red Soil,DAP,31,52,180,177,25.78,2985,6.68,2012
Telangana,Rice,Black Soil,Organic,83,90,53,142,24.27,5935,7.77,2008
Maharashtra,Barley,Sandy,DAP,34,25,119,93,27.24,1699,6.41,2016
Maharashtra,Groundnut,Red Soil,DAP,110,64,170,182,25.8,1578,6.22,2019
Bihar,Barley,Clay,NPK,126,112,161,104,35.24,2174,6.75,2011
Punjab,Sugarcane,Alluvial,DAP,50,100,173,270,36.55,80536,6.64,2024
Maharashtra,Groundnut,Alluvial,Urea,97,54,137,207,24.07,1374,6.36,2004
Uttar Pradesh,Cotton,Clay,Urea,119,27,114,78,35.25,965,7.23,2023
Rajasthan,Barley,Alluvial,Compost,129,17,19,203,33.6,3056,7.4,2011
Rajasthan,Pulses,Black Soil,NPK,106,73,109,260,36.58,952,7.63,2000
Odisha,Soybean,Black Soil,Compost,66,8,157,203,22.92,2436,7.93,2019
Andhra Pradesh,Sugarcane,Loamy,Urea,139,96,118,86,29.52,71558,6.17,2015
Telangana,Millets,Loamy,Compost,105,82,117,268,23.49,1152,7.29,2011
Karnataka,Barley,Loamy,NPK,130,76,149,271,34.45,2815,6.49,2008
West Bengal,Pulses,Alluvial,NPK,71,13,199,164,18.13,1459,7.19,2012
Kerala,Sugarcane,Black Soil,DAP,77,119,155,230,29.28,68437,6.69,2016
Karnataka,Wheat,Black Soil,Organic,90,39,103,207,24.78,2768,7.98,2016
Andhra Pradesh,Groundnut,Black Soil,DAP,26,105,72,52,24.45,1418,7.32,2003
West Bengal,Wheat,Clay,NPK,126,25,93,171,30.88,2564,7.88,2013
Bihar,Maize,Black Soil,Urea,59,62,34,92,35.0,3892,7.59,2018
Punjab,Sugarcane,Clay,Urea,121,22,21,56,30.17,59985,7.76,2006
Gujarat,Cotton,Loamy,DAP,103,101,158,174,35.03,2047,7.54,2002
Punjab,Barley,Loamy,NPK,94,76,34,98,23.3,2380,6.65,2000
Karnataka,Maize,Alluvial,Urea,83,119,20,170,28.38,4149,6.13,2011
Karnataka,Rice,Loamy,NPK,118,117,73,122,27.0,5688,6.43,2014
West Bengal,Rice,Alluvial,Urea,27,85,135,294,18.25,5105,5.55,2010
West Bengal,Rice,Red Soil,NPK,51,47,59,90,29.12,4708,6.81,2009
Telangana,Cotton,Red Soil,Compost,110,99,199,155,31.21,1368,6.76,2001
Bihar,Cotton,Sandy,NPK,54,102,98,126,29.82,1583,6.81,2003
Telangana,Soybean,Alluvial,NPK,91,10,108,256,32.7,1902,7.94,2016
Andhra Pradesh,Cotton,Sandy,DAP,26,90,125,231,29.41,1604,7.78,2016
Maharashtra,Wheat,Sandy,Compost,82,82,105,176,19.35,3836,5.9,2007
Punjab,Rice,Red Soil,Organic,23,71,186,246,20.34,4002,6.42,2022
West Bengal,Soybean,Alluvial,DAP,91,16,23,270,29.91,2722,6.56,2013
Haryana,Sugarcane,Red Soil,Organic,129,104,10,276,23.5,67780,6.4,2023
Andhra Pradesh,Groundnut,Sandy,Urea,129,16,34,140,19.61,1978,7.5,2003
Uttar Pradesh,Millets,Alluvial,Organic,56,113,196,204,26.59,1824,6.81,2005
Bihar,Pulses,Sandy,NPK,116,70,81,57,29.07,1249,6.93,2018
Karnataka,Cotton,Black Soil,Organic,117,6,78,81,24.58,1572,7.63,2023
Telangana,Rice,Alluvial,DAP,18,19,142,261,32.39,5238,7.51,2003
Andhra Pradesh,Soybean,Alluvial,DAP,88,27,114,113,30.86,2829,5.83,2002
Kerala,Rice,Sandy,Organic,24,33,156,187,24.66,3786,7.28,2019
Punjab,Rice,Black Soil,DAP,28,85,32,62,33.07,4266,6.59,2005
West Bengal,Groundnut,Clay,DAP,99,100,18,240,30.95,1717,6.24,2022
Karnataka,Rice,Red Soil,Organic,35,11,127,142,30.73,3078,5.63,2006
Gujarat,Groundnut,Sandy,Compost,101,98,103,212,29.06,1365,6.72,2013
Kerala,Cotton,Alluvial,Compost,91,32,187,110,18.25,1277,6.39,2011
Bihar,Maize,Red Soil,Urea,51,18,153,231,31.91,3156,6.13,2015
Andhra Pradesh,Wheat,Red Soil,DAP,28,48,42,57,25.52,3700,7.24,2019
Tamil Nadu,Rice,Red Soil,Organic,26,34,139,78,36.82,4776,7.42,2007
Karnataka,Wheat,Clay,DAP,85,85,23,144,34.33,3123,6.11,2022
Punjab,Pulses,Loamy,NPK,72,36,10,90,29.74,581,5.62,2001
Odisha,Cotton,Sandy,DAP,116,114,99,207,23.05,1428,7.62,2012
Haryana,Rice,Loamy,DAP,58,74,195,263,22.08,4669,5.52,2007
Madhya Pradesh,Maize,Loamy,Compost,64,119,98,198,24.81,3377,7.84,2024
Kerala,Wheat,Loamy,Organic,108,92,153,253,27.52,2191,7.07,2020
Maharashtra,Pulses,Red Soil,DAP,61,10,99,60,23.92,1083,6.3,2019
Madhya Pradesh,Maize,Black Soil,Compost,109,31,184,51,28.29,4336,6.12,2015
Punjab,Maize,Red Soil,Urea,126,86,181,227,21.32,4004,5.52,2003
Uttar Pradesh,Sugarcane,Red Soil,Compost,127,92,23,218,37.52,82100,6.09,2015
Telangana,Pulses,Alluvial,Compost,16,105,161,243,20.17,1249,5.84,2019
Uttar Pradesh,Millets,Alluvial,Compost,55,28,120,275,36.6,868,7.03,2005
Odisha,Maize,Loamy,DAP,55,106,192,180,36.24,2139,5.92,2003
Kerala,Sugarcane,Red Soil,DAP,109,38,152,129,28.5,83202,6.82,2015
Maharashtra,Cotton,Loamy,Urea,63,44,92,228,32.47,1921,6.98,2022
Tamil Nadu,Soybean,Alluvial,NPK,71,51,81,245,26.71,2246,6.25,2022
Odisha,Rice,Black Soil,NPK,138,83,171,136,30.58,4340,5.59,2020
Kerala,Soybean,Sandy,NPK,58,79,139,298,24.81,2237,5.59,2012
Rajasthan,Rice,Loamy,Urea,34,90,36,291,24.03,3717,5.57,2004
Madhya Pradesh,Cotton,Black Soil,NPK,19,28,83,261,29.55,1352,7.35,2014
Odisha,Wheat,Sandy,NPK,127,69,108,202,27.95,2891,6.3,2007
Madhya Pradesh,Sugarcane,Clay,Compost,101,22,81,207,29.58,70087,7.49,2006
Karnataka,Millets,Loamy,DAP,89,48,32,259,23.74,756,6.58,2013
Uttar Pradesh,Soybean,Loamy,DAP,80,80,77,155,25.34,1599,6.63,2006
Karnataka,Rice,Clay,Compost,87,61,151,188,19.69,5535,6.78,2021
Haryana,Barley,Clay,Compost,52,111,126,270,19.06,2685,7.28,2006
Rajasthan,Soybean,Loamy,Compost,99,32,115,66,23.07,2296,6.18,2022
Maharashtra,Barley,Clay,DAP,87,108,102,203,19.5,2649,5.8,2017
Tamil Nadu,Wheat,Red Soil,NPK,35,75,74,297,20.09,4052,6.89,2009
Bihar,Wheat,Sandy,Compost,130,27,77,298,34.23,2186,6.32,2017
Madhya Pradesh,Pulses,Sandy,Urea,54,89,137,72,18.8,698,6.61,2013
Tamil Nadu,Cotton,Sandy,Compost,72,38,72,233,31.16,1878,7.12,2009
Madhya Pradesh,Maize,Red Soil,Organic,77,15,122,229,23.45,2352,6.74,2006
Punjab,Barley,Clay,Compost,11,90,99,97,35.4,2515,7.05,2006
Odisha,Soybean,Black Soil,DAP,117,110,90,69,27.69,2419,6.86,2006
Haryana,Maize,Clay,Compost,39,39,112,286,24.11,4006,7.35,2004
Uttar Pradesh,Pulses,Loamy,Organic,58,97,169,51,28.34,1471,7.26,2000
Bihar,Cotton,Alluvial,Urea,53,46,125,137,25.64,2014,6.84,2013
West Bengal,Barley,Sandy,NPK,22,32,22,80,29.27,1714,7.2,2017
Madhya Pradesh,Rice,Clay,Compost,87,86,133,204,20.3,5969,7.68,2012
Tamil Nadu,Maize,Black Soil,Organic,135,82,156,179,37.9,2741,6.58,2024
Haryana,Maize,Loamy,Organic,107,86,161,298,26.51,3704,6.53,2007
Gujarat,Groundnut,Red Soil,Urea,35,96,97,127,24.96,1941,7.41,2007
Bihar,Millets,Red Soil,DAP,57,28,20,53,32.18,809,6.96,2009
Gujarat,Millets,Black Soil,Compost,75,12,196,290,25.28,1422,5.68,2016
Karnataka,Maize,Loamy,Organic,96,110,24,190,34.64,2292,7.73,2005
Uttar Pradesh,Sugarcane,Sandy,Urea,88,113,19,277,27.08,64971,5.58,2014
Telangana,Maize,Clay,NPK,32,57,50,212,32.37,3842,7.37,2014
Telangana,Rice,Loamy,Organic,90,76,164,285,20.16,4506,7.4,2024
West Bengal,Maize,Red Soil,Urea,57,8,197,295,34.89,2049,7.88,2015
Punjab,Rice,Black Soil,DAP,133,95,82,177,32.69,5125,5.64,2007
Tamil Nadu,Rice,Black Soil,DAP,139,104,61,296,22.24,6707,6.99,2018
Kerala,Sugarcane,Clay,Organic,93,9,137,249,20.92,57606,6.57,2019
West Bengal,Rice,Black Soil,Organic,29,101,37,243,24.33,4328,6.33,2014
Odisha,Soybean,Black Soil,Compost,55,53,74,183,37.48,2669,5.73,2002
Odisha,Cotton,Loamy,Urea,21,102,26,80,23.14,989,6.91,2005
Tamil Nadu,Wheat,Sandy,Organic,49,34,104,295,27.12,2432,6.7,2024
Kerala,Maize,Clay,Compost,75,76,181,187,18.62,3815,5.76,2007
Maharashtra,Rice,Loamy,Compost,109,107,147,285,25.94,5624,7.03,2015
Punjab,Maize,Sandy,Organic,87,67,72,70,29.41,4023,7.34,2014
Haryana,Rice,Loamy,DAP,25,51,184,283,37.03,3822,7.42,2012
Madhya Pradesh,Maize,Alluvial,Urea,92,30,47,251,28.32,4261,7.76,2019
Kerala,Wheat,Loamy,Urea,53,61,79,72,34.35,3846,6.52,2014
Telangana,Rice,Black Soil,DAP,109,41,113,180,28.93,4195,7.88,2017
Bihar,Sugarcane,Sandy,Organic,31,102,62,209,18.83,56151,7.66,2012
Maharashtra,Barley,Clay,Urea,27,11,181,197,24.3,3316,6.24,2023
Madhya Pradesh,Wheat,Clay,Organic,21,44,128,251,29.5,2640,5.9,2007
Madhya Pradesh,Soybean,Sandy,Organic,132,96,83,78,36.97,2486,6.59,2013
Maharashtra,Cotton,Black Soil,Compost,126,43,63,154,35.15,1685,6.5,2010
Karnataka,Soybean,Red Soil,DAP,60,66,29,101,22.57,2524,6.94,2005
Gujarat,Maize,Loamy,Organic,80,107,88,164,22.41,3927,6.96,2023
Madhya Pradesh,Wheat,Black Soil,NPK,57,96,40,223,22.03,2276,7.37,2024
Maharashtra,Rice,Alluvial,DAP,28,82,144,211,36.41,3883,6.77,2000
Kerala,Rice,Sandy,Urea,15,57,67,150,35.02,5199,5.76,2024
Maharashtra,Soybean,Loamy,Compost,93,118,114,133,33.47,2701,7.65,2001
Rajasthan,Wheat,Clay,Urea,62,106,19,110,25.85,3266,6.27,2012
West Bengal,Groundnut,Red Soil,Urea,116,8,19,174,28.08,2541,7.93,2000
Andhra Pradesh,Wheat,Alluvial,DAP,110,110,48,249,27.28,3815,5.79,2023
Karnataka,Cotton,Clay,Urea,57,86,165,120,23.07,1177,7.9,2023
Uttar Pradesh,Barley,Sandy,Organic,78,112,167,119,28.09,3313,5.73,2003
Andhra Pradesh,Cotton,Loamy,Urea,20,116,46,188,18.63,1532,6.08,2023
West Bengal,Pulses,Sandy,Compost,131,29,128,157,20.65,539,5.62,2022
West Bengal,Wheat,Loamy,Compost,78,11,76,259,35.7,2503,7.26,2001
West Bengal,Barley,Black Soil,NPK,32,106,52,292,33.01,2934,7.63,2020
Andhra Pradesh,Maize,Red Soil,Compost,46,32,61,283,26.45,4030,6.59,2019
Tamil Nadu,Sugarcane,Black Soil,Urea,18,73,110,298,28.33,64388,7.82,2015
Gujarat,Sugarcane,Black Soil,Compost,24,71,65,270,25.4,63381,6.98,2002
Maharashtra,Rice,Sandy,DAP,102,112,85,266,32.79,5545,7.08,2016
Bihar,Rice,Red Soil,Compost,26,99,77,240,33.66,5478,7.61,2004
Gujarat,Rice,Loamy,Organic,81,115,146,70,33.24,5068,6.24,2007
Telangana,Rice,Loamy,DAP,130,110,115,287,32.43,5843,6.39,2011
Kerala,Soybean,Alluvial,NPK,20,24,134,180,22.1,2127,7.76,2024
Punjab,Wheat,Clay,Organic,81,87,101,131,24.76,2495,7.75,2022
Tamil Nadu,Rice,Alluvial,Urea,115,116,32,137,27.39,4792,7.94,2011
Uttar Pradesh,Rice,Alluvial,Urea,134,15,118,160,24.62,4575,7.75,2000
Gujarat,Sugarcane,Loamy,Urea,44,108,70,279,33.07,85070,5.82,2000
Bihar,Maize,Sandy,Organic,128,71,177,59,24.59,2654,7.56,2014
Odisha,Pulses,Black Soil,Organic,23,91,53,204,20.78,1247,6.52,2016
West Bengal,Groundnut,Black Soil,Organic,23,11,161,61,25.98,1307,7.98,2001
Madhya Pradesh,Wheat,Black Soil,DAP,19,27,188,56,37.56,2491,6.68,2016
Telangana,Wheat,Red Soil,DAP,47,65,195,194,22.52,2462,6.88,2019
Punjab,Rice,Loamy,Urea,117,75,170,242,30.23,4944,6.82,2008
Karnataka,Barley,Sandy,Compost,128,114,25,241,26.65,2508,6.3,2011
Uttar Pradesh,Groundnut,Red Soil,Urea,43,38,31,299,19.44,2007,5.69,2003
Kerala,Sugarcane,Clay,NPK,19,110,66,163,27.75,67434,7.74,2012
Punjab,Wheat,Sandy,DAP,131,23,71,75,32.02,3848,7.51,2003
West Bengal,Rice,Alluvial,Organic,124,62,116,64,28.25,4633,5.85,2006
Madhya Pradesh,Maize,Sandy,DAP,10,13,80,292,35.41,2828,7.44,2013
Tamil Nadu,Wheat,Sandy,Organic,21,52,99,82,23.78,2873,7.06,2008
Madhya Pradesh,Rice,Black Soil,NPK,112,119,81,111,19.74,6077,6.52,2022
Andhra Pradesh,Wheat,Sandy,NPK,13,86,79,278,36.7,2208,6.14,2000
Madhya Pradesh,Soybean,Alluvial,DAP,107,45,39,96,25.56,1839,7.65,2000
Andhra Pradesh,Wheat,Alluvial,Organic,115,52,112,144,29.51,4235,7.25,2019
Telangana,Soybean,Loamy,NPK,94,49,160,84,33.81,1738,6.87,2003
Tamil Nadu,Wheat,Sandy,Urea,130,110,41,242,24.49,4215,7.02,2000
Kerala,Rice,Black Soil,Urea,91,29,95,249,32.3,4314,5.73,2021
Haryana,Rice,Sandy,Organic,28,82,66,125,20.72,4636,6.68,2009
West Bengal,Maize,Clay,DAP,139,112,118,172,23.83,2819,5.98,2001
Andhra Pradesh,Soybean,Clay,NPK,21,29,18,295,20.91,2568,6.02,2020
Karnataka,Maize,Black Soil,DAP,90,23,40,298,34.2,3429,7.15,2023
Madhya Pradesh,Groundnut,Loamy,Urea,83,43,80,132,22.46,1577,7.78,2014
Madhya Pradesh,Wheat,Loamy,NPK,107,83,146,74,32.33,2293,6.51,2002
Karnataka,Barley,Alluvial,DAP,15,84,22,106,36.83,2143,6.02,2024
Kerala,Soybean,Alluvial,Compost,134,31,195,81,28.54,2693,7.12,2022
Odisha,Rice,Red Soil,Organic,60,108,140,112,28.79,4128,7.68,2008
Telangana,Rice,Black Soil,Organic,20,78,44,61,27.21,3243,7.37,2016
Maharashtra,Wheat,Sandy,Compost,136,67,30,112,24.52,3633,7.67,2020
Haryana,Groundnut,Black Soil,Urea,82,72,73,126,27.5,1689,6.84,2012
Uttar Pradesh,Groundnut,Red Soil,NPK,11,119,104,141,30.04,1148,7.38,2002
Bihar,Barley,Alluvial,Organic,17,23,189,50,37.68,1762,5.85,2003
Andhra Pradesh,Wheat,Black Soil,Compost,133,32,43,228,36.72,3745,6.37,2003
Karnataka,Wheat,Black Soil,Compost,62,89,130,119,35.21,3983,6.47,2010
Bihar,Wheat,Alluvial,Urea,19,115,172,185,35.75,1937,6.78,2006
Tamil Nadu,Maize,Red Soil,Urea,121,82,24,245,27.35,4125,7.82,2010
Kerala,Cotton,Alluvial,DAP,17,37,129,182,31.13,1160,7.69,2023
Andhra Pradesh,Wheat,Loamy,Organic,45,116,105,266,35.87,2447,5.84,2010
Maharashtra,Rice,Sandy,DAP,115,14,15,135,25.86,4977,5.93,2009
Bihar,Millets,Alluvial,Compost,23,87,118,269,37.2,949,6.39,2004
Tamil Nadu,Groundnut,Red Soil,NPK,95,34,106,88,26.31,1873,6.23,2012
Punjab,Wheat,Clay,NPK,59,26,41,72,30.01,3822,7.04,2011
West Bengal,Wheat,Loamy,Urea,29,7,189,117,32.17,3758,7.76,2009
Madhya Pradesh,Rice,Clay,NPK,96,105,92,229,36.97,4145,7.91,2006
Punjab,Wheat,Alluvial,NPK,138,109,165,53,22.9,2936,7.13,2018
Andhra Pradesh,Rice,Loamy,NPK,47,86,127,175,32.9,5821,7.6,2018
Maharashtra,Sugarcane,Sandy,Compost,53,79,88,224,28.41,64194,6.81,2018
Haryana,Maize,Alluvial,NPK,95,52,87,70,23.38,3758,6.02,2011
Bihar,Wheat,Sandy,NPK,53,6,156,278,33.51,2223,6.81,2019
Telangana,Barley,Black Soil,NPK,83,80,116,233,29.03,2456,6.89,2021
West Bengal,Rice,Clay,DAP,128,58,135,154,31.2,4337,7.36,2014
Andhra Pradesh,Rice,Loamy,Compost,131,10,24,115,24.46,5934,6.05,2004
Kerala,Soybean,Sandy,Urea,60,111,143,236,27.62,2663,6.42,2023
Karnataka,Pulses,Red Soil,DAP,47,44,82,56,30.33,826,6.41,2013
Telangana,Cotton,Sandy,Organic,60,112,110,98,26.09,1801,7.9,2011
Telangana,Groundnut,Red Soil,Compost,19,97,107,65,21.98,1422,6.61,2020
Telangana,Soybean,Alluvial,Compost,129,98,175,194,37.2,1764,7.39,2010
Gujarat,Maize,Loamy,Organic,79,6,35,133,28.22,3796,7.38,2004
Andhra Pradesh,Groundnut,Sandy,Organic,94,77,101,299,32.65,1957,6.16,2015
West Bengal,Cotton,Sandy,Organic,66,115,134,136,26.22,1273,6.93,2017
Madhya Pradesh,Soybean,Loamy,Urea,135,6,188,147,25.1,2019,7.74,2011
Madhya Pradesh,Soybean,Sandy,NPK,48,97,82,124,26.14,2755,6.69,2004
Andhra Pradesh,Rice,Red Soil,Compost,42,101,132,83,26.18,5110,7.86,2015
Tamil Nadu,Maize,Sandy,NPK,27,78,62,210,28.87,3551,6.04,2011
Gujarat,Wheat,Clay,NPK,66,102,193,75,28.86,2070,5.69,2022
Karnataka,Rice,Alluvial,Organic,105,112,196,115,27.93,5463,7.73,2001
Telangana,Maize,Black Soil,Urea,57,59,87,174,20.71,2392,7.62,2005
Telangana,Soybean,Red Soil,DAP,51,76,101,112,27.91,2770,7.98,2022
Andhra Pradesh,Wheat,Clay,Urea,36,105,195,136,21.39,1820,7.2,2020
Tamil Nadu,Pulses,Alluvial,NPK,83,64,97,90,20.54,887,7.84,2024
Madhya Pradesh,Rice,Loamy,Urea,119,101,22,263,36.62,5318,7.57,2003
Madhya Pradesh,Groundnut,Red Soil,Organic,41,115,52,235,30.08,2094,7.61,2012
Maharashtra,Rice,Black Soil,DAP,35,10,85,147,31.17,5060,6.92,2009
Andhra Pradesh,Wheat,Alluvial,Organic,34,112,60,173,26.03,2513,6.46,2016
Gujarat,Rice,Black Soil,DAP,84,108,28,128,36.15,4854,7.84,2013
Odisha,Cotton,Loamy,NPK,32,113,158,59,30.74,1737,6.58,2023
Gujarat,Cotton,Loamy,DAP,66,23,131,64,33.36,848,6.85,2014
Kerala,Cotton,Red Soil,DAP,135,100,33,91,25.37,1764,6.62,2007
Madhya Pradesh,Millets,Sandy,DAP,96,31,35,142,37.16,1830,6.91,2022
Madhya Pradesh,Sugarcane,Loamy,Urea,40,5,182,234,34.38,56090,6.68,2023
Punjab,Cotton,Alluvial,Urea,73,111,165,264,35.05,1278,5.62,2017
Madhya Pradesh,Cotton,Sandy,NPK,42,37,129,66,21.45,1210,7.71,2002
Karnataka,Sugarcane,Clay,DAP,11,44,91,237,23.42,57984,6.61,2024
Uttar Pradesh,Cotton,Black Soil,Compost,27,36,109,58,23.72,1343,6.97,2016
Andhra Pradesh,Groundnut,Sandy,NPK,93,73,166,163,23.42,2126,5.85,2023
Bihar,Pulses,Black Soil,DAP,44,21,26,85,35.08,1123,5.51,2023
Gujarat,Groundnut,Sandy,DAP,123,12,77,250,18.66,1524,6.11,2006
Uttar Pradesh,Maize,Clay,Urea,119,61,53,257,19.54,3839,7.26,2012
Tamil Nadu,Pulses,Loamy,NPK,97,46,70,85,23.48,1253,5.75,2015
Odisha,Wheat,Clay,DAP,81,102,132,97,22.01,4193,7.77,2004
Karnataka,Soybean,Loamy,DAP,134,13,102,100,22.64,1856,6.04,2003
West Bengal,Groundnut,Loamy,NPK,39,91,83,146,33.93,1917,6.01,2009
Rajasthan,Barley,Black Soil,Compost,62,39,162,168,29.25,3350,5.95,2012
Gujarat,Barley,Alluvial,NPK,96,118,76,144,18.14,2782,5.53,2009
Uttar Pradesh,Sugarcane,Clay,NPK,22,75,120,119,26.58,67301,7.43,2013
West Bengal,Cotton,Sandy,Compost,49,83,11,123,26.15,1133,7.69,2021
Odisha,Sugarcane,Clay,NPK,98,57,98,129,20.29,84470,7.04,2011
Punjab,Millets,Black Soil,DAP,77,58,186,117,31.5,1112,5.97,2000
West Bengal,Rice,Loamy,NPK,51,88,35,295,32.02,6192,6.21,2020
Karnataka,Millets,Black Soil,Compost,103,118,108,199,32.39,1702,6.69,2019
Karnataka,Barley,Red Soil,Organic,28,29,36,126,32.55,2217,7.89,2019
Bihar,Maize,Red Soil,NPK,32,71,98,257,18.02,3044,6.12,2006
Punjab,Rice,Sandy,Urea,63,66,155,165,37.04,3434,7.33,2008
Rajasthan,Wheat,Black Soil,DAP,74,59,191,270,34.26,2361,6.6,2007
Andhra Pradesh,Cotton,Sandy,DAP,33,50,10,55,36.05,1591,6.24,2012
West Bengal,Rice,Sandy,Urea,43,28,198,203,18.33,5118,6.64,2013
Punjab,Groundnut,Red Soil,Urea,62,102,112,124,36.64,1545,5.68,2011
Karnataka,Barley,Sandy,NPK,27,50,140,137,34.17,2990,7.5,2007
Karnataka,Pulses,Red Soil,Urea,66,26,50,270,34.71,759,6.11,2020
Uttar Pradesh,Sugarcane,Loamy,Organic,121,15,174,52,19.88,70683,7.31,2021
Madhya Pradesh,Soybean,Black Soil,Compost,14,52,60,101,32.75,1864,5.67,2017
Rajasthan,Groundnut,Sandy,Urea,22,12,24,123,37.16,1409,7.89,2015
West Bengal,Soybean,Red Soil,Urea,92,43,17,174,31.55,2899,5.98,2010
Bihar,Maize,Clay,Organic,38,111,47,237,29.4,3368,7.71,2015
Bihar,Sugarcane,Sandy,DAP,12,39,123,240,36.88,73332,7.52,2013
West Bengal,Millets,Alluvial,DAP,99,53,92,114,26.85,1263,7.92,2002
Kerala,Wheat,Loamy,NPK,113,50,65,101,29.97,2410,6.69,2020
Telangana,Millets,Loamy,Organic,132,42,184,284,27.52,1083,7.32,2001
Odisha,Barley,Clay,Compost,85,12,112,267,36.62,3035,6.43,2002
Bihar,Groundnut,Red Soil,Compost,139,58,147,299,19.54,2518,5.96,2003
Punjab,Barley,Sandy,Organic,117,41,111,125,28.01,3454,6.61,2021
Odisha,Wheat,Red Soil,Compost,91,95,87,191,31.72,2591,5.91,2004
Punjab,Groundnut,Loamy,DAP,86,96,186,138,33.81,1722,7.96,2009
Tamil Nadu,Maize,Red Soil,Compost,11,44,178,121,29.65,1767,5.74,2019
Karnataka,Wheat,Loamy,Compost,136,38,92,284,36.14,2319,6.97,2001
Madhya Pradesh,Maize,Red Soil,Organic,35,100,39,117,36.8,2826,7.07,2011
Uttar Pradesh,Rice,Clay,Organic,97,83,14,205,19.3,5174,6.85,2004
Bihar,Rice,Black Soil,Compost,25,112,128,248,26.04,4078,7.16,2004
Madhya Pradesh,Wheat,Clay,Urea,82,21,40,187,18.49,3557,5.79,2022
Madhya Pradesh,Rice,Clay,Organic,41,37,189,164,24.59,5012,6.89,2000
Madhya Pradesh,Rice,Black Soil,NPK,24,51,32,106,28.73,3593,6.22,2003
Telangana,Rice,Black Soil,NPK,14,114,57,299,36.18,5479,7.85,2020
Odisha,Wheat,Sandy,DAP,83,56,118,277,34.9,2267,7.41,2023
Punjab,Soybean,Sandy,Compost,61,84,49,115,20.56,2160,7.93,2011
Haryana,Rice,Clay,Urea,86,97,15,139,19.88,5535,5.59,2011
Tamil Nadu,Cotton,Clay,DAP,119,13,47,294,29.77,1878,6.21,2015
Gujarat,Maize,Loamy,Compost,115,37,178,99,28.63,4393,5.99,2023
Madhya Pradesh,Sugarcane,Loamy,Organic,136,64,109,63,23.33,56989,5.53,2016
Andhra Pradesh,Rice,Sandy,NPK,16,117,36,299,35.96,5053,6.11,2020
Odisha,Rice,Alluvial,Urea,49,97,78,65,36.51,4312,7.2,2009
Bihar,Pulses,Alluvial,NPK,108,81,66,231,26.05,1226,6.08,2016
Rajasthan,Barley,Sandy,Organic,94,25,26,220,35.77,3370,6.77,2016
Bihar,Millets,Loamy,Compost,74,62,80,91,25.68,1543,7.72,2017
Uttar Pradesh,Barley,Loamy,Organic,20,89,56,258,32.71,2922,7.23,2001
Gujarat,Soybean,Alluvial,Organic,117,73,88,159,27.51,2001,6.49,2024
Haryana,Cotton,Red Soil,NPK,35,14,119,71,20.46,1268,6.43,2003
Andhra Pradesh,Rice,Red Soil,Urea,94,10,22,117,36.52,5049,6.64,2018
Bihar,Groundnut,Loamy,Organic,132,119,148,68,27.07,2015,5.94,2010
Haryana,Rice,Red Soil,NPK,77,17,133,115,32.67,5774,7.09,2016
Gujarat,Wheat,Black Soil,Urea,113,69,118,216,25.34,2546,6.41,2011
Madhya Pradesh,Rice,Sandy,Compost,89,24,99,122,18.4,4313,7.63,2001
Andhra Pradesh,Sugarcane,Sandy,Compost,62,61,95,196,20.02,74473,7.39,2005
Haryana,Maize,Loamy,DAP,115,115,101,193,27.91,4301,7.03,2008
Uttar Pradesh,Rice,Clay,NPK,53,50,33,103,31.78,5452,6.41,2004
Punjab,Barley,Alluvial,Urea,99,12,82,202,24.69,2499,6.02,2019
Karnataka,Wheat,Loamy,Organic,110,14,13,161,31.89,2142,7.44,2020
Punjab,Barley,Red Soil,Compost,106,77,122,67,31.95,2688,6.72,2008
Gujarat,Soybean,Alluvial,Urea,18,117,55,200,32.06,1763,6.06,2022
Odisha,Pulses,Clay,NPK,21,109,27,166,27.84,1585,5.99,2007
Karnataka,Maize,Red Soil,DAP,78,71,52,134,36.26,3037,5.91,2019
Tamil Nadu,Wheat,Black Soil,Compost,37,15,170,188,27.77,2339,7.44,2007
Uttar Pradesh,Cotton,Red Soil,Urea,65,16,102,88,27.0,1277,6.07,2021
Tamil Nadu,Rice,Black Soil,Urea,108,14,112,154,22.0,4712,6.82,2020
Telangana,Cotton,Alluvial,Urea,119,29,133,117,24.15,1837,6.63,2022
Andhra Pradesh,Cotton,Black Soil,NPK,86,53,19,74,18.86,937,6.95,2005
West Bengal,Maize,Alluvial,NPK,112,53,82,240,30.65,3011,7.69,2002
Karnataka,Rice,Alluvial,NPK,115,93,196,273,22.98,6724,7.67,2004
Tamil Nadu,Maize,Alluvial,Organic,118,15,40,207,24.08,2678,6.63,2008
Bihar,Millets,Alluvial,Urea,121,66,165,222,33.39,1565,5.54,2006
Tamil Nadu,Rice,Alluvial,Compost,67,40,69,172,24.54,4350,6.57,2003
Haryana,Rice,Red Soil,NPK,87,43,140,267,22.85,5476,7.02,2006
Punjab,Soybean,Alluvial,NPK,84,57,127,170,21.39,1585,6.89,2004
Haryana,Maize,Red Soil,Urea,51,94,192,110,33.47,2561,7.13,2010
Telangana,Wheat,Alluvial,NPK,77,82,23,149,20.61,3154,5.89,2014
Karnataka,Pulses,Black Soil,Organic,42,107,195,100,27.07,754,7.12,2001
Karnataka,Barley,Alluvial,Organic,80,60,152,147,28.13,2775,5.96,2012
Telangana,Rice,Clay,NPK,65,108,11,186,31.73,4035,7.38,2021
Gujarat,Cotton,Alluvial,Urea,114,5,33,253,30.65,1921,6.35,2015
Haryana,Barley,Alluvial,Urea,110,60,73,51,34.19,3577,7.27,2006
Maharashtra,Sugarcane,Black Soil,Urea,60,8,109,279,18.91,57906,5.62,2007
Bihar,Cotton,Sandy,DAP,83,34,123,54,23.93,1046,6.52,2005
Rajasthan,Groundnut,Black Soil,NPK,130,16,33,239,23.61,2387,7.26,2023
Punjab,Sugarcane,Clay,Urea,14,39,164,246,20.93,76472,6.07,2006
Karnataka,Cotton,Sandy,Organic,92,81,174,229,23.79,1244,7.49,2017
Gujarat,Millets,Loamy,Compost,60,56,100,135,24.2,1232,7.08,2021
West Bengal,Wheat,Loamy,Compost,19,35,176,182,28.43,1990,6.97,2024
Bihar,Soybean,Clay,Urea,13,106,35,236,31.25,1450,6.38,2021
Haryana,Barley,Black Soil,Compost,104,111,74,117,25.62,3613,6.71,2019
Punjab,Wheat,Red Soil,Compost,89,91,129,58,32.37,3676,6.99,2006
West Bengal,Rice,Clay,DAP,45,72,13,142,24.72,4938,6.68,2002
Haryana,Cotton,Sandy,Organic,34,56,166,199,23.81,1360,7.25,2004
Tamil Nadu,Soybean,Sandy,Organic,107,84,10,204,28.81,1705,6.58,2000
West Bengal,Maize,Alluvial,DAP,110,11,59,187,18.49,4272,6.01,2014
Telangana,Rice,Loamy,DAP,18,26,119,257,19.61,3387,6.03,2002
Kerala,Rice,Sandy,Compost,70,97,148,283,26.35,4901,5.51,2007
Gujarat,Sugarcane,Clay,NPK,62,79,83,174,36.82,64438,6.25,2024
Punjab,Maize,Sandy,Compost,72,60,196,283,32.41,3315,7.37,2008
Madhya Pradesh,Cotton,Clay,DAP,130,101,71,110,19.78,1195,7.49,2014
Kerala,Wheat,Red Soil,Organic,114,62,90,100,34.9,2707,6.01,2009
Andhra Pradesh,Millets,Alluvial,Compost,13,97,173,59,32.62,1705,7.9,2001
Andhra Pradesh,Sugarcane,Loamy,NPK,102,68,65,183,30.2,75508,6.76,2019
Punjab,Rice,Sandy,Compost,37,107,120,111,34.38,3318,7.79,2004
West Bengal,Groundnut,Clay,Urea,89,16,30,162,26.08,2111,7.27,2018
Haryana,Groundnut,Black Soil,Compost,85,11,150,182,22.44,1424,7.31,2012
Gujarat,Sugarcane,Loamy,DAP,125,59,18,171,28.23,69722,5.71,2010
Rajasthan,Barley,Red Soil,Organic,78,107,148,247,28.96,2953,6.05,2000
Andhra Pradesh,Maize,Clay,Organic,107,110,79,240,28.75,2874,5.52,2021
Gujarat,Sugarcane,Alluvial,DAP,10,66,138,172,29.29,68059,7.29,2014
Andhra Pradesh,Sugarcane,Alluvial,Urea,105,116,127,233,36.94,79961,6.36,2017
Tamil Nadu,Cotton,Red Soil,DAP,26,94,65,236,36.01,2203,7.47,2015
Haryana,Wheat,Red Soil,Compost,121,108,40,112,35.48,3263,6.35,2008
Tamil Nadu,Cotton,Alluvial,DAP,100,77,46,160,34.0,1030,7.55,2000
Bihar,Groundnut,Sandy,DAP,97,109,184,138,36.83,1631,5.83,2010
Andhra Pradesh,Barley,Sandy,Urea,99,102,100,236,19.98,2612,5.93,2008
Madhya Pradesh,Rice,Clay,Compost,58,113,123,100,23.31,3945,6.35,2022
Madhya Pradesh,Rice,Black Soil,NPK,47,81,137,227,27.89,4618,6.52,2010
Tamil Nadu,Cotton,Clay,NPK,68,59,184,181,34.9,1757,6.37,2012
Telangana,Groundnut,Black Soil,Organic,77,40,131,153,28.09,1288,7.41,2001
Kerala,Groundnut,Red Soil,DAP,139,93,78,172,32.94,1671,5.74,2013
Madhya Pradesh,Cotton,Loamy,Organic,58,28,195,97,20.79,1452,6.38,2005
Andhra Pradesh,Maize,Clay,Urea,135,48,45,81,23.05,3170,7.59,2007
Punjab,Groundnut,Clay,NPK,120,21,41,169,32.61,2548,5.67,2017
Tamil Nadu,Maize,Black Soil,DAP,57,6,73,228,21.3,2891,7.86,2015
Bihar,Soybean,Red Soil,Urea,60,17,179,229,25.03,2644,7.97,2020
Rajasthan,Cotton,Red Soil,Urea,52,35,57,148,23.3,1982,5.72,2011
Rajasthan,Groundnut,Black Soil,DAP,107,97,90,123,25.0,2307,6.23,2010
Odisha,Rice,Red Soil,Urea,133,118,167,83,32.14,3717,6.43,2005
Kerala,Maize,Alluvial,DAP,89,32,158,213,25.35,4302,7.44,2002
West Bengal,Wheat,Sandy,DAP,120,64,69,119,29.09,2392,6.99,2013
Haryana,Wheat,Alluvial,Compost,36,31,150,220,20.01,1798,7.11,2001
Madhya Pradesh,Maize,Loamy,Organic,122,19,10,159,34.07,3307,7.39,2010
Madhya Pradesh,Soybean,Clay,Urea,95,99,74,65,25.4,1771,5.79,2021
West Bengal,Wheat,Loamy,Urea,123,108,42,108,30.95,2515,7.58,2002
Karnataka,Barley,Clay,Compost,133,83,47,230,32.48,2583,7.26,2017
Bihar,Rice,Sandy,Compost,58,37,34,68,22.2,3581,6.94,2000
Maharashtra,Wheat,Red Soil,Compost,85,24,163,275,35.66,3418,7.72,2023
Tamil Nadu,Millets,Alluvial,NPK,64,46,68,266,30.31,842,7.25,2000
Telangana,Sugarcane,Black Soil,NPK,65,16,170,144,26.57,73466,6.0,2011
Bihar,Groundnut,Alluvial,NPK,104,105,110,162,21.66,2494,6.57,2014
Uttar Pradesh,Maize,Sandy,DAP,53,77,136,90,36.81,2865,6.74,2004
Madhya Pradesh,Rice,Loamy,Urea,96,27,50,130,33.08,5156,5.64,2005
Haryana,Wheat,Black Soil,Organic,93,76,167,224,22.17,4351,7.89,2015
Odisha,Wheat,Red Soil,DAP,25,100,66,271,24.75,1909,5.82,2011
Rajasthan,Wheat,Sandy,Urea,46,116,186,152,34.16,2568,7.24,2011
Madhya Pradesh,Maize,Black Soil,Urea,86,18,57,103,31.89,4057,6.77,2002
Odisha,Wheat,Sandy,Compost,54,95,81,232,33.29,3862,5.56,2022
Andhra Pradesh,Barley,Sandy,Compost,71,29,186,144,26.82,2837,7.81,2001
Bihar,Maize,Red Soil,DAP,109,81,184,196,32.31,2592,7.63,2006
Andhra Pradesh,Soybean,Clay,Compost,61,89,65,111,25.73,2696,6.81,2001
Maharashtra,Maize,Black Soil,Urea,28,113,74,148,22.23,2097,6.07,2020
Punjab,Groundnut,Red Soil,Compost,118,35,21,142,30.64,1712,5.8,2006
Uttar Pradesh,Rice,Sandy,NPK,53,105,78,236,37.48,4544,6.41,2010
Bihar,Maize,Red Soil,Compost,16,116,143,114,24.21,2640,6.14,2010
Karnataka,Groundnut,Clay,Urea,126,111,98,117,27.21,2305,6.77,2013
Maharashtra,Wheat,Alluvial,DAP,77,58,34,77,31.46,3715,7.92,2002
Gujarat,Cotton,Black Soil,Organic,43,9,10,67,28.82,1625,6.94,2013
Karnataka,Soybean,Clay,Compost,78,17,169,75,34.84,1445,7.72,2010
Kerala,Wheat,Loamy,Urea,64,32,140,153,33.21,3041,7.13,2003
Tamil Nadu,Wheat,Black Soil,Organic,19,47,58,196,19.18,3420,6.69,2016
Haryana,Pulses,Clay,Organic,51,93,156,104,37.93,989,7.64,2015
Bihar,Wheat,Sandy,NPK,50,119,69,168,33.02,3872,6.68,2002
Gujarat,Wheat,Black Soil,Organic,131,103,166,173,35.25,4034,7.67,2024
Gujarat,Rice,Black Soil,Urea,19,51,187,234,31.0,4947,6.23,2009
Maharashtra,Soybean,Red Soil,Urea,111,107,11,183,35.09,1637,5.82,2020
West Bengal,Pulses,Sandy,Compost,137,75,82,178,20.26,1217,7.64,2014
Kerala,Maize,Loamy,Compost,101,42,193,57,24.95,4303,6.97,2007
Punjab,Sugarcane,Alluvial,Compost,122,100,154,274,35.5,67901,7.72,2017
Bihar,Cotton,Clay,Organic,87,71,197,100,22.04,1821,7.84,2002
West Bengal,Wheat,Red Soil,Organic,94,66,119,284,19.58,2821,5.63,2006
Maharashtra,Wheat,Clay,NPK,39,113,173,134,33.74,2896,6.75,2009
Tamil Nadu,Barley,Loamy,Compost,58,43,70,265,34.68,2857,6.44,2019
Rajasthan,Soybean,Loamy,DAP,18,41,26,74,21.26,2188,7.06,2008
Madhya Pradesh,Groundnut,Black Soil,NPK,78,118,58,224,35.06,2281,7.48,2013
Madhya Pradesh,Pulses,Loamy,DAP,67,90,85,232,31.71,758,6.2,2022
Punjab,Rice,Clay,Organic,71,12,197,241,28.39,4414,6.89,2013
Tamil Nadu,Wheat,Sandy,NPK,61,85,157,298,34.58,3336,7.27,2010
Telangana,Cotton,Sandy,NPK,49,56,187,284,26.38,1462,5.84,2000
Punjab,Pulses,Black Soil,Urea,72,95,140,132,21.89,1010,7.54,2003
Bihar,Soybean,Alluvial,Organic,59,37,52,142,23.7,1366,7.02,2005
Bihar,Sugarcane,Clay,Organic,87,114,66,166,28.09,59793,7.87,2021
Odisha,Sugarcane,Clay,NPK,106,85,59,187,28.61,78080,6.35,2021
West Bengal,Groundnut,Loamy,Organic,52,46,187,105,34.08,2027,5.77,2004
Telangana,Maize,Clay,NPK,45,80,46,61,33.8,2080,6.77,2002
Madhya Pradesh,Soybean,Red Soil,Urea,131,116,55,210,29.61,1965,5.71,2001
Gujarat,Groundnut,Alluvial,NPK,117,114,179,169,33.59,1379,7.92,2002
West Bengal,Sugarcane,Loamy,Organic,19,31,24,120,21.84,69736,5.6,2008
Uttar Pradesh,Barley,Red Soil,Organic,104,116,170,66,19.02,2147,7.38,2018
Bihar,Rice,Black Soil,NPK,15,12,89,238,35.44,4408,6.81,2018
Kerala,Rice,Sandy,NPK,66,27,148,171,19.53,5315,6.42,2016
Haryana,Cotton,Black Soil,NPK,138,110,157,173,22.94,1797,5.66,2017
Tamil Nadu,Soybean,Sandy,Compost,80,117,33,59,31.88,1840,7.06,2010
Karnataka,Cotton,Black Soil,Organic,30,68,134,80,26.18,1601,6.96,2011
Punjab,Groundnut,Clay,Organic,101,97,127,109,35.49,2409,6.2,2002
Bihar,Wheat,Red Soil,Compost,136,118,89,119,23.96,3090,7.78,2017
West Bengal,Wheat,Sandy,NPK,89,24,103,66,18.26,2849,6.26,2023
Telangana,Wheat,Loamy,Urea,65,20,74,99,24.02,3201,6.62,2005
Haryana,Groundnut,Red Soil,NPK,125,21,97,86,29.55,1594,6.86,2006
Kerala,Rice,Loamy,NPK,34,84,97,259,25.52,5202,5.75,2000
West Bengal,Barley,Red Soil,Compost,14,23,154,239,28.69,2968,7.83,2005
Karnataka,Groundnut,Red Soil,Organic,129,12,135,267,35.5,1884,6.44,2017
Haryana,Millets,Black Soil,NPK,30,42,98,290,36.21,1483,5.7,2012
Uttar Pradesh,Barley,Sandy,Organic,27,42,70,167,23.32,2708,6.47,2021
Karnataka,Cotton,Sandy,DAP,66,57,24,257,27.24,1256,7.0,2018
Maharashtra,Sugarcane,Red Soil,Organic,102,97,103,249,28.97,61236,6.78,2006
Andhra Pradesh,Rice,Clay,Urea,28,109,60,265,36.95,5807,7.24,2018
Maharashtra,Rice,Clay,Urea,137,104,36,254,37.93,6753,5.64,2008
Madhya Pradesh,Wheat,Loamy,NPK,106,94,83,206,22.71,3968,6.21,2002
West Bengal,Rice,Loamy,Organic,30,35,70,209,32.52,5671,7.55,2022
Bihar,Wheat,Black Soil,NPK,49,48,195,265,25.56,2445,5.7,2011
Bihar,Rice,Red Soil,Compost,76,64,40,129,18.18,3968,7.64,2019
Bihar,Maize,Loamy,Urea,136,80,21,60,18.2,3335,5.73,2023
Kerala,Maize,Loamy,NPK,64,21,55,273,27.2,2075,7.59,2017
Andhra Pradesh,Rice,Alluvial,Compost,118,83,168,183,27.76,5981,6.4,2007
Maharashtra,Maize,Red Soil,NPK,107,77,41,172,18.47,4512,7.03,2008
Andhra Pradesh,Cotton,Black Soil,Organic,121,43,169,84,31.72,1774,5.88,2012
Rajasthan,Cotton,Loamy,Organic,124,46,190,82,23.88,1474,5.67,2007
West Bengal,Barley,Black Soil,Organic,126,52,70,67,29.18,2561,6.04,2021
Andhra Pradesh,Wheat,Sandy,Organic,96,16,55,214,24.02,2490,5.82,2009
Gujarat,Soybean,Black Soil,DAP,90,100,94,62,21.35,2006,6.28,2016
Punjab,Cotton,Clay,Compost,75,93,89,251,26.14,1935,6.79,2006
Punjab,Groundnut,Clay,Compost,28,107,144,278,22.65,1565,6.97,2016
Gujarat,Pulses,Black Soil,Organic,127,22,13,139,28.68,1527,7.47,2022
Haryana,Rice,Clay,DAP,51,83,61,159,21.98,5464,7.14,2017
Odisha,Millets,Sandy,Organic,51,100,168,258,28.16,733,7.02,2023
Kerala,Rice,Red Soil,DAP,68,10,121,241,21.16,4049,6.53,2001
Haryana,Rice,Clay,Organic,29,112,45,50,31.4,4390,6.68,2002
Karnataka,Groundnut,Clay,Urea,82,47,191,112,33.05,1445,6.54,2018
Telangana,Rice,Black Soil,Urea,26,39,63,266,20.22,5528,7.61,2000
Kerala,Cotton,Sandy,NPK,36,102,128,83,27.35,1516,6.08,2020
Kerala,Barley,Red Soil,Organic,11,106,136,152,19.43,1868,5.51,2020
Karnataka,Barley,Black Soil,Compost,72,58,26,59,29.95,2621,7.13,2009
Andhra Pradesh,Groundnut,Black Soil,NPK,71,66,84,177,23.29,1640,6.01,2020
Maharashtra,Pulses,Alluvial,Urea,109,73,167,261,28.54,1460,7.73,2013
Maharashtra,Barley,Sandy,Organic,28,86,114,56,28.34,1597,7.65,2012
Punjab,Maize,Red Soil,NPK,26,20,159,105,36.45,3742,5.69,2008
Tamil Nadu,Cotton,Sandy,Organic,78,12,126,129,28.97,1675,5.77,2005
Haryana,Rice,Red Soil,Urea,126,93,52,214,29.64,5981,6.74,2005
Rajasthan,Rice,Sandy,NPK,90,100,121,206,26.03,3750,7.02,2018
West Bengal,Groundnut,Black Soil,Urea,48,94,124,61,36.94,1860,6.19,2020
Madhya Pradesh,Soybean,Black Soil,DAP,45,90,36,194,33.52,2162,7.29,2009
Uttar Pradesh,Sugarcane,Loamy,Urea,38,35,46,97,23.71,73264,6.99,2022
Maharashtra,Cotton,Clay,Organic,60,111,55,261,34.85,2086,6.31,2002
West Bengal,Rice,Alluvial,Compost,23,14,122,75,26.64,4129,5.56,2017
Uttar Pradesh,Millets,Sandy,Urea,78,60,44,161,34.54,1714,7.38,2020
West Bengal,Barley,Alluvial,Compost,66,80,141,260,34.43,2148,6.04,2018
Andhra Pradesh,Groundnut,Loamy,DAP,21,96,89,171,21.79,2010,7.59,2004
Uttar Pradesh,Barley,Clay,NPK,26,74,89,288,32.0,1852,6.55,2024
Madhya Pradesh,Soybean,Sandy,NPK,39,24,163,61,23.82,2475,6.94,2010
West Bengal,Soybean,Red Soil,Compost,97,9,130,198,23.95,2898,7.68,2009
Gujarat,Rice,Clay,NPK,108,27,156,91,23.93,4300,7.66,2016
Madhya Pradesh,Wheat,Black Soil,Urea,32,13,131,110,32.49,2776,6.43,2003
Uttar Pradesh,Wheat,Loamy,Compost,138,62,90,107,22.6,3868,6.02,2020
Madhya Pradesh,Rice,Clay,Organic,88,63,182,231,18.04,4034,7.44,2017
West Bengal,Cotton,Clay,Urea,41,97,163,83,32.28,1409,6.58,2017
Odisha,Cotton,Black Soil,Urea,18,84,159,56,21.43,1208,5.98,2000
West Bengal,Rice,Sandy,Urea,24,58,128,158,20.1,5292,7.76,2013
West Bengal,Sugarcane,Red Soil,Organic,36,50,67,84,22.76,84807,6.0,2007
Andhra Pradesh,Maize,Black Soil,DAP,118,26,72,64,25.6,3937,5.56,2001
Haryana,Groundnut,Red Soil,NPK,85,68,165,242,27.51,2007,5.55,2018
Gujarat,Wheat,Sandy,Compost,74,12,181,267,18.91,3721,7.06,2014
Rajasthan,Cotton,Clay,DAP,118,24,109,276,37.37,1654,7.15,2001
Maharashtra,Soybean,Red Soil,Compost,138,55,180,74,32.3,2258,6.28,2003
Kerala,Sugarcane,Loamy,NPK,19,82,174,283,24.46,73825,6.3,2000
Karnataka,Groundnut,Loamy,Organic,56,43,75,108,24.37,2287,6.35,2018
Haryana,Cotton,Black Soil,Urea,132,41,154,128,26.96,1752,7.2,2020
Karnataka,Maize,Sandy,Urea,68,54,177,135,30.51,3243,5.65,2009
Andhra Pradesh,Maize,Black Soil,Organic,105,38,175,183,20.94,4006,7.82,2000
Gujarat,Maize,Black Soil,DAP,112,79,94,229,21.79,3137,6.06,2019
Bihar,Groundnut,Alluvial,DAP,133,108,198,256,35.16,2248,8.0,2021
West Bengal,Groundnut,Black Soil,Compost,95,37,146,137,23.13,1718,5.93,2014
Bihar,Groundnut,Alluvial,Organic,121,35,198,198,25.6,1626,7.43,2003
Bihar,Cotton,Loamy,DAP,36,58,153,120,35.39,1610,6.06,2006
Telangana,Maize,Loamy,Organic,27,48,132,170,31.24,3268,5.7,2006
Punjab,Barley,Black Soil,NPK,91,38,11,142,24.83,2681,7.69,2021
Bihar,Maize,Loamy,Urea,81,118,115,145,31.65,3367,7.65,2024
Maharashtra,Sugarcane,Sandy,Urea,63,75,117,81,18.41,78598,6.51,2017
Odisha,Wheat,Alluvial,Urea,80,117,81,102,32.69,3632,7.26,2012
Punjab,Maize,Alluvial,Organic,47,66,180,108,27.73,3888,6.89,2009
Andhra Pradesh,Wheat,Black Soil,Organic,44,27,135,118,34.23,2401,7.63,2023
Kerala,Rice,Loamy,Compost,91,50,179,239,37.06,6357,6.29,2007
Haryana,Rice,Red Soil,Urea,13,60,66,181,36.48,4684,6.81,2009
Odisha,Cotton,Alluvial,Compost,32,11,90,135,36.15,1836,6.71,2013
Madhya Pradesh,Wheat,Black Soil,Urea,57,93,167,67,28.23,3397,6.38,2013
Uttar Pradesh,Pulses,Black Soil,Compost,134,65,150,276,25.2,726,7.73,2019
Telangana,Groundnut,Sandy,Compost,64,7,28,130,27.29,1184,5.91,2021
Odisha,Cotton,Clay,NPK,77,42,16,291,31.78,2080,5.87,2010
Rajasthan,Wheat,Clay,Compost,97,88,146,163,35.65,3073,6.94,2005
Bihar,Sugarcane,Alluvial,Organic,10,38,63,233,22.15,78875,7.14,2020
Andhra Pradesh,Rice,Sandy,Compost,104,117,113,73,36.33,4563,5.99,2000
Tamil Nadu,Maize,Sandy,Urea,115,48,95,115,34.27,3023,6.48,2018
Uttar Pradesh,Cotton,Sandy,Compost,117,112,91,190,37.54,1393,7.87,2006
Karnataka,Maize,Alluvial,DAP,51,34,70,111,35.57,3537,6.12,2023
Maharashtra,Wheat,Clay,Urea,111,21,96,103,23.6,2776,7.17,2017
Karnataka,Barley,Sandy,DAP,133,63,11,192,20.13,3351,7.35,2002
Odisha,Maize,Loamy,Urea,112,14,187,246,20.26,3167,6.62,2019
Kerala,Cotton,Black Soil,Organic,83,103,40,180,23.83,1907,7.84,2010
Karnataka,Soybean,Black Soil,Organic,117,88,42,86,30.27,1782,7.34,2004
Rajasthan,Soybean,Red Soil,Organic,131,22,89,86,34.06,1931,6.64,2018
Andhra Pradesh,Wheat,Red Soil,DAP,26,49,20,278,35.95,3062,6.92,2020
Madhya Pradesh,Groundnut,Alluvial,NPK,80,112,170,180,30.46,1868,7.23,2023
Kerala,Maize,Alluvial,Urea,71,95,137,240,18.13,2465,6.98,2023
Haryana,Rice,Black Soil,Organic,50,63,144,84,21.74,5283,7.7,2001
Maharashtra,Groundnut,Loamy,Urea,128,66,137,229,20.01,1642,6.39,2021
Rajasthan,Cotton,Clay,DAP,54,63,40,264,25.26,1691,6.25,2003
Rajasthan,Cotton,Clay,NPK,67,53,185,173,28.02,1268,6.03,2024
Karnataka,Barley,Alluvial,DAP,135,104,135,205,18.89,2773,5.59,2009
Bihar,Groundnut,Loamy,Urea,53,67,56,271,24.97,1698,5.61,2001
Karnataka,Maize,Alluvial,NPK,24,91,190,67,21.59,2347,7.68,2007
Odisha,Barley,Clay,NPK,87,36,116,171,30.92,3219,7.2,2000
Haryana,Maize,Alluvial,DAP,79,14,28,293,27.28,2959,7.15,2005
Punjab,Barley,Sandy,Organic,110,15,90,213,27.9,3263,7.04,2010
Kerala,Wheat,Alluvial,Urea,12,106,132,210,26.55,1970,7.62,2009
Karnataka,Pulses,Black Soil,Compost,95,74,143,241,37.08,914,6.7,2012
Andhra Pradesh,Cotton,Alluvial,Compost,83,109,116,203,22.3,1114,7.68,2000
Tamil Nadu,Soybean,Black Soil,DAP,60,66,58,97,28.32,2477,6.4,2001
Maharashtra,Maize,Loamy,Urea,76,51,82,217,32.7,3471,7.82,2002
West Bengal,Millets,Clay,Urea,85,38,59,66,29.12,1663,7.25,2008
Karnataka,Sugarcane,Red Soil,DAP,102,104,90,217,36.54,70490,6.14,2004
Andhra Pradesh,Soybean,Red Soil,Urea,16,105,104,184,25.56,2363,6.91,2009
Kerala,Groundnut,Clay,Organic,22,21,21,106,27.27,1807,6.83,2009
Andhra Pradesh,Millets,Red Soil,DAP,129,108,32,57,19.79,604,5.84,2011
Maharashtra,Groundnut,Alluvial,Organic,75,108,63,177,30.16,1454,6.98,2017
Punjab,Sugarcane,Loamy,Urea,13,58,127,166,23.77,71792,6.29,2020
Andhra Pradesh,Barley,Loamy,DAP,97,80,68,105,21.22,2998,5.63,2020
Tamil Nadu,Rice,Clay,Urea,26,89,173,175,28.88,3278,7.87,2000
Andhra Pradesh,Wheat,Red Soil,DAP,61,44,12,208,28.63,3428,7.1,2002
Andhra Pradesh,Wheat,Alluvial,Urea,78,23,67,108,19.53,3279,7.69,2004
Andhra Pradesh,Groundnut,Loamy,Organic,30,71,192,107,31.94,1673,7.19,2024
Madhya Pradesh,Barley,Loamy,Organic,33,86,66,189,30.46,2090,6.39,2016
Madhya Pradesh,Wheat,Sandy,Urea,13,57,154,225,21.79,2978,6.78,2007
Punjab,Barley,Sandy,DAP,12,119,176,208,27.38,1509,7.19,2016
Karnataka,Soybean,Loamy,Compost,77,68,99,157,32.38,1505,7.9,2008
Andhra Pradesh,Pulses,Clay,Organic,110,87,64,260,28.58,1307,6.13,2005
Telangana,Wheat,Black Soil,Organic,63,51,54,240,25.91,2561,7.69,2016
Haryana,Soybean,Black Soil,Compost,44,10,10,123,24.45,1796,7.81,2007
Telangana,Soybean,Alluvial,Urea,65,20,30,216,30.19,1672,7.18,2020
Karnataka,Sugarcane,Loamy,DAP,117,76,30,253,36.75,70151,7.83,2006
Punjab,Maize,Loamy,Urea,49,116,61,197,31.41,1962,6.49,2006
Bihar,Sugarcane,Loamy,NPK,77,22,91,150,19.51,65212,7.88,2014
Bihar,Soybean,Clay,Organic,55,56,180,97,27.21,2110,7.26,2006
Gujarat,Soybean,Sandy,NPK,87,52,189,282,35.78,2146,5.61,2021
Telangana,Rice,Loamy,Organic,15,47,76,120,19.9,5399,7.77,2007
Karnataka,Wheat,Loamy,Organic,26,43,122,165,37.74,2322,6.71,2008
Karnataka,Rice,Red Soil,NPK,108,53,53,231,36.94,4994,6.65,2014
Uttar Pradesh,Pulses,Clay,NPK,90,117,169,171,19.58,1053,6.92,2001
Odisha,Pulses,Alluvial,Urea,11,16,19,127,36.63,709,5.87,2006
West Bengal,Millets,Loamy,NPK,86,113,73,252,25.26,1739,6.67,2014
Kerala,Sugarcane,Red Soil,Urea,75,14,78,248,34.86,74457,7.58,2017
Uttar Pradesh,Wheat,Black Soil,Urea,61,75,77,78,26.36,2231,5.54,2021
Tamil Nadu,Wheat,Alluvial,Urea,101,114,37,251,26.81,3908,6.18,2017
Madhya Pradesh,Rice,Loamy,Organic,31,59,190,142,30.67,3105,5.51,2009
Madhya Pradesh,Barley,Loamy,Organic,120,5,125,122,33.46,3768,6.54,2021
Odisha,Soybean,Red Soil,NPK,116,53,60,149,18.69,2861,7.32,2017
Maharashtra,Wheat,Clay,Organic,76,40,190,225,29.85,3199,7.5,2000
Maharashtra,Soybean,Loamy,NPK,78,25,13,123,21.74,1578,7.86,2006
Punjab,Rice,Black Soil,Organic,93,41,88,260,24.92,4543,7.02,2002
Rajasthan,Barley,Loamy,DAP,112,28,26,233,24.96,2462,6.14,2013
Odisha,Sugarcane,Black Soil,DAP,48,59,117,144,27.37,63195,7.81,2011
West Bengal,Groundnut,Alluvial,NPK,22,29,83,66,24.68,1612,7.44,2013
Karnataka,Pulses,Alluvial,Organic,50,11,184,186,20.16,1539,6.94,2003
Maharashtra,Maize,Sandy,Organic,66,110,193,286,20.92,2983,7.24,2012
West Bengal,Soybean,Sandy,Urea,21,85,32,146,18.69,2176,7.81,2015
Andhra Pradesh,Groundnut,Black Soil,Compost,22,97,27,211,27.4,1861,7.28,2015
Telangana,Groundnut,Clay,NPK,129,98,138,222,37.05,2420,6.42,2021
Telangana,Soybean,Loamy,Compost,106,75,44,265,20.33,1574,7.28,2004
Rajasthan,Pulses,Loamy,Compost,66,101,73,58,36.89,944,5.6,2019
Haryana,Rice,Sandy,NPK,49,75,195,184,32.64,5368,6.47,2024
Karnataka,Barley,Black Soil,Organic,127,28,68,193,30.73,3501,6.52,2005
Kerala,Wheat,Loamy,NPK,89,15,10,68,30.89,4096,5.92,2005
Kerala,Cotton,Loamy,Compost,137,77,140,280,34.5,2033,5.56,2017
Tamil Nadu,Rice,Clay,Organic,44,16,76,183,20.15,3921,5.83,2005
Kerala,Cotton,Red Soil,DAP,12,39,46,163,28.08,1582,7.14,2006
Andhra Pradesh,Rice,Sandy,NPK,129,67,38,292,31.92,4484,7.51,2023
Andhra Pradesh,Millets,Sandy,NPK,14,72,98,188,29.72,1441,7.97,2023
Telangana,Rice,Red Soil,Organic,20,104,170,174,34.63,4497,6.37,2015
Odisha,Maize,Loamy,DAP,135,96,109,253,19.46,3978,7.0,2008
Rajasthan,Cotton,Clay,DAP,80,61,198,110,31.79,1943,7.84,2012
Punjab,Soybean,Clay,Organic,126,17,131,299,28.67,2634,5.92,2011
Tamil Nadu,Cotton,Sandy,Urea,115,27,99,91,25.58,1234,7.29,2018
Maharashtra,Rice,Clay,NPK,125,87,141,62,24.81,3964,7.39,2022
West Bengal,Soybean,Alluvial,NPK,76,110,23,189,30.4,2685,5.72,2022
Odisha,Wheat,Red Soil,Compost,40,105,170,134,35.79,1969,7.65,2000
Maharashtra,Rice,Loamy,Organic,84,43,159,251,27.91,4296,7.53,2007
Odisha,Wheat,Alluvial,Compost,80,92,185,69,34.46,2258,5.58,2003
Odisha,Cotton,Red Soil,Compost,75,84,140,99,26.04,1457,5.73,2020
Odisha,Groundnut,Black Soil,DAP,79,101,94,213,20.06,1298,5.62,2021
Telangana,Millets,Sandy,NPK,50,16,160,141,19.25,1819,6.34,2018
Kerala,Maize,Clay,Compost,29,38,30,137,19.04,3925,6.77,2020
Rajasthan,Rice,Black Soil,DAP,48,75,180,118,25.6,5587,6.83,2004
Punjab,Soybean,Clay,Organic,54,79,35,86,24.74,1374,6.17,2016
Kerala,Pulses,Alluvial,Compost,79,35,50,189,32.34,1540,7.78,2002
Odisha,Maize,Loamy,NPK,134,97,131,299,32.83,4732,6.42,2018
Gujarat,Groundnut,Loamy,Compost,100,66,47,148,19.03,2425,5.61,2000
Haryana,Barley,Loamy,Organic,79,17,97,174,22.43,3002,6.25,2022
Maharashtra,Groundnut,Clay,Compost,139,35,20,217,23.49,2228,6.83,2000
Karnataka,Rice,Black Soil,NPK,93,6,38,103,28.94,3673,6.52,2022
Uttar Pradesh,Maize,Loamy,DAP,98,107,69,179,20.9,4196,6.18,2019
Kerala,Groundnut,Black Soil,NPK,88,19,70,227,20.69,1241,5.83,2008
West Bengal,Pulses,Clay,DAP,122,61,156,90,36.84,849,7.55,2022
Telangana,Sugarcane,Alluvial,Urea,102,79,183,94,34.06,88699,7.99,2004
Tamil Nadu,Rice,Black Soil,NPK,81,38,186,152,21.62,4554,6.32,2006
Madhya Pradesh,Cotton,Alluvial,NPK,58,107,31,155,26.13,1154,6.45,2024
Punjab,Soybean,Clay,Organic,61,72,87,186,25.11,2797,7.05,2005
Karnataka,Wheat,Clay,Compost,42,79,122,239,33.79,3907,7.3,2016
Andhra Pradesh,Sugarcane,Sandy,DAP,31,33,194,177,28.19,61359,6.48,2021
Bihar,Groundnut,Clay,DAP,123,70,132,135,20.57,2393,7.76,2016
Gujarat,Rice,Clay,Organic,27,20,151,96,32.76,3815,6.9,2012
Madhya Pradesh,Maize,Red Soil,Organic,127,43,53,54,25.93,3266,6.63,2011
Uttar Pradesh,Soybean,Loamy,Compost,126,81,153,253,23.26,1998,7.12,2003
Karnataka,Maize,Sandy,Compost,46,41,106,50,25.51,1924,7.88,2007
Madhya Pradesh,Soybean,Sandy,NPK,73,85,86,93,27.95,1794,7.49,2004
Karnataka,Pulses,Sandy,Urea,88,25,149,199,24.86,559,5.6,2004
West Bengal,Rice,Red Soil,Compost,132,48,64,87,22.84,6007,6.33,2012
Gujarat,Cotton,Alluvial,Organic,53,23,60,292,25.97,2011,6.68,2010
Uttar Pradesh,Wheat,Clay,Compost,91,75,111,68,18.4,4197,6.29,2007
Andhra Pradesh,Wheat,Loamy,DAP,96,106,176,257,33.42,3596,7.25,2007
Odisha,Sugarcane,Black Soil,Urea,25,12,170,208,21.43,59463,7.57,2000
Maharashtra,Sugarcane,Alluvial,NPK,63,81,170,164,18.9,86979,7.33,2012
Andhra Pradesh,Maize,Clay,DAP,111,105,38,244,31.05,4346,7.97,2004
Odisha,Soybean,Red Soil,DAP,107,70,78,136,33.45,2050,6.18,2020
Bihar,Cotton,Clay,Urea,11,45,168,219,34.25,1260,7.69,2007
Telangana,Soybean,Clay,NPK,103,79,89,172,27.86,2568,7.42,2016
Rajasthan,Rice,Red Soil,Organic,68,92,40,131,22.12,5161,6.41,2022
Rajasthan,Barley,Sandy,NPK,78,74,121,203,32.72,3404,7.34,2022
Rajasthan,Wheat,Sandy,Compost,128,65,55,190,31.97,2214,5.76,2012
Punjab,Cotton,Loamy,DAP,101,30,106,107,22.93,1069,7.47,2008
Kerala,Rice,Loamy,Compost,54,75,61,195,36.03,4967,6.83,2001
Haryana,Barley,Sandy,Organic,33,107,147,116,20.1,2679,6.23,2018
Tamil Nadu,Sugarcane,Alluvial,Compost,100,87,83,171,37.61,56142,7.14,2019
Tamil Nadu,Barley,Black Soil,NPK,103,74,50,136,35.17,2629,7.1,2016
Kerala,Groundnut,Clay,Compost,67,111,86,180,31.74,1860,6.02,2006
Rajasthan,Cotton,Black Soil,Organic,137,33,140,104,36.74,1719,5.58,2002
Maharashtra,Barley,Clay,Organic,16,111,196,138,32.42,2049,6.58,2018
Uttar Pradesh,Maize,Sandy,Organic,56,107,123,268,21.82,3004,6.92,2018
Gujarat,Groundnut,Loamy,NPK,62,70,61,107,26.84,2144,7.69,2023
Uttar Pradesh,Sugarcane,Alluvial,Organic,47,23,171,285,19.45,87432,7.82,2008
Gujarat,Barley,Loamy,DAP,62,72,186,112,25.79,2124,6.82,2009
Uttar Pradesh,Maize,Black Soil,Organic,57,62,165,140,32.81,2480,7.38,2013
Haryana,Maize,Loamy,Compost,104,74,96,101,25.73,4389,6.6,2017
Punjab,Wheat,Sandy,Compost,73,117,118,280,24.61,2819,7.37,2014
Punjab,Rice,Alluvial,Compost,102,61,150,266,29.89,5947,6.01,2000
Rajasthan,Rice,Black Soil,NPK,134,41,78,175,35.41,5563,6.43,2024
Bihar,Barley,Alluvial,Compost,48,65,129,73,18.97,2154,7.09,2005
Odisha,Barley,Clay,NPK,13,96,76,121,25.71,2641,5.55,2014
Bihar,Barley,Loamy,NPK,135,34,70,58,21.18,3255,7.31,2024
Madhya Pradesh,Soybean,Alluvial,Organic,12,75,197,159,31.89,2036,7.59,2005
Punjab,Sugarcane,Red Soil,DAP,73,77,80,214,20.13,58388,6.5,2017
Punjab,Sugarcane,Loamy,Organic,38,29,161,143,31.28,88835,6.62,2000
Andhra Pradesh,Maize,Clay,Organic,125,101,198,166,23.73,3295,7.63,2023
Andhra Pradesh,Sugarcane,Alluvial,NPK,20,69,160,132,21.99,76700,7.44,2002
Odisha,Barley,Black Soil,NPK,106,119,39,230,36.69,3524,6.22,2016
West Bengal,Rice,Clay,Compost,111,10,197,129,18.39,4704,6.31,2015
Madhya Pradesh,Rice,Red Soil,Compost,30,22,155,201,26.75,5256,7.2,2007
Bihar,Cotton,Alluvial,Organic,48,14,105,285,18.45,2339,6.91,2016
Maharashtra,Wheat,Sandy,Urea,111,96,65,198,27.66,2912,5.91,2007
Andhra Pradesh,Maize,Loamy,Urea,55,15,62,149,28.01,2817,6.27,2016
Maharashtra,Sugarcane,Black Soil,Compost,75,101,16,89,24.43,85789,7.75,2024
Karnataka,Cotton,Sandy,Urea,100,69,106,152,20.66,1179,7.22,2008
Andhra Pradesh,Cotton,Alluvial,Compost,120,81,122,288,25.53,1307,7.96,2011
Haryana,Maize,Alluvial,NPK,91,105,134,111,31.42,4227,7.42,2024
West Bengal,Soybean,Clay,Organic,132,88,189,247,33.62,2860,7.85,2018
Madhya Pradesh,Cotton,Alluvial,DAP,108,69,141,118,28.6,2005,6.04,2003
Telangana,Soybean,Black Soil,Organic,44,56,171,191,29.78,1363,7.43,2020
Odisha,Cotton,Sandy,Compost,112,71,170,294,22.02,1459,5.55,2021
Karnataka,Cotton,Black Soil,Compost,138,86,130,158,23.75,1131,7.18,2024
Telangana,Wheat,Red Soil,Organic,34,109,47,219,21.25,3325,6.67,2010
Madhya Pradesh,Wheat,Red Soil,Compost,52,82,131,227,22.99,3221,6.37,2003
Bihar,Barley,Loamy,Urea,93,35,35,238,22.5,2511,7.66,2013
Rajasthan,Rice,Loamy,Urea,60,95,138,53,28.38,3041,7.64,2013
Haryana,Maize,Red Soil,Compost,139,21,13,121,29.24,3944,5.56,2005
Madhya Pradesh,Soybean,Alluvial,Compost,135,59,48,265,36.86,2495,7.02,2016
Haryana,Groundnut,Black Soil,Urea,78,114,63,252,21.92,1280,6.42,2001
Kerala,Maize,Red Soil,Compost,18,97,170,66,30.82,3716,6.54,2007
Haryana,Soybean,Loamy,Compost,11,40,42,163,34.32,1442,7.58,2003
Maharashtra,Rice,Red Soil,Organic,19,105,29,134,29.19,4821,6.27,2009
Kerala,Rice,Alluvial,DAP,123,30,25,106,23.1,5909,7.86,2006
Uttar Pradesh,Rice,Red Soil,Urea,85,57,158,267,23.26,5454,5.95,2003
Telangana,Soybean,Black Soil,Organic,94,21,182,156,18.8,1846,7.16,2015
Rajasthan,Wheat,Sandy,DAP,58,90,136,97,24.11,2528,7.18,2013
Kerala,Maize,Alluvial,Compost,79,29,96,221,32.87,4090,6.13,2015
Bihar,Cotton,Loamy,Compost,99,6,91,222,18.97,1472,6.31,2024
Karnataka,Maize,Black Soil,Organic,35,90,71,268,22.39,3461,7.59,2008
Madhya Pradesh,Sugarcane,Red Soil,Compost,81,9,40,257,32.1,88665,7.4,2003
Gujarat,Pulses,Red Soil,NPK,14,8,51,296,33.63,1599,6.32,2023
Karnataka,Cotton,Sandy,Organic,24,40,21,267,27.1,1820,6.83,2005
Uttar Pradesh,Barley,Loamy,DAP,132,10,74,166,31.94,3547,5.65,2000
Karnataka,Rice,Loamy,Organic,10,25,82,210,25.76,5694,6.02,2006
Punjab,Wheat,Clay,Urea,12,81,140,80,21.21,2453,6.71,2000
Bihar,Cotton,Loamy,Organic,56,105,124,161,25.96,1299,5.71,2018
Gujarat,Sugarcane,Sandy,Compost,104,93,146,96,29.58,58883,7.61,2007
Kerala,Groundnut,Clay,Compost,22,30,115,183,36.92,1149,7.3,2024
Kerala,Wheat,Clay,NPK,129,59,188,157,19.39,4331,7.86,2002
Kerala,Soybean,Red Soil,NPK,64,43,25,121,28.14,2239,7.23,2000
Uttar Pradesh,Sugarcane,Red Soil,NPK,75,88,87,120,24.58,84706,7.85,2000
Maharashtra,Sugarcane,Loamy,DAP,99,37,134,211,28.16,81841,6.89,2006
Telangana,Sugarcane,Clay,NPK,71,18,140,157,18.5,77907,7.0,2020
Madhya Pradesh,Groundnut,Red Soil,DAP,111,60,161,102,24.26,2025,7.94,2012
West Bengal,Cotton,Sandy,NPK,17,104,150,191,34.37,1135,7.11,2000
Tamil Nadu,Maize,Red Soil,DAP,106,85,139,65,29.07,4248,5.58,2015
Telangana,Rice,Alluvial,Organic,126,25,121,220,27.0,5174,7.31,2021
Uttar Pradesh,Cotton,Alluvial,Organic,73,50,136,165,23.71,1645,7.76,2021
Odisha,Maize,Red Soil,Compost,30,20,30,122,23.96,1760,7.49,2013
Bihar,Pulses,Clay,DAP,124,114,156,123,25.66,1529,6.96,2003
Madhya Pradesh,Sugarcane,Clay,Urea,94,20,98,130,34.68,85693,7.18,2022
Telangana,Sugarcane,Black Soil,Compost,29,88,56,61,37.31,73471,7.98,2022
Rajasthan,Pulses,Alluvial,Organic,17,33,159,177,26.77,1135,5.73,2011
Uttar Pradesh,Cotton,Sandy,DAP,67,96,170,119,25.86,1713,7.17,2024
Punjab,Rice,Clay,NPK,55,12,169,196,34.9,4112,6.21,2011
Tamil Nadu,Pulses,Loamy,Urea,40,92,94,284,26.53,744,7.1,2016
Punjab,Cotton,Alluvial,Organic,102,7,176,90,29.03,1621,7.02,2020
Kerala,Maize,Sandy,Compost,18,93,137,230,22.62,1866,5.88,2014
Tamil Nadu,Rice,Sandy,DAP,24,23,81,206,32.85,4396,6.02,2009
Telangana,Rice,Clay,Urea,103,101,51,247,28.63,5293,7.05,2002
Rajasthan,Maize,Sandy,DAP,38,70,18,108,34.15,2643,5.82,2022
Kerala,Millets,Clay,NPK,89,83,34,138,33.59,840,6.16,2019
West Bengal,Sugarcane,Red Soil,Compost,45,90,11,298,22.31,67080,7.59,2019
Bihar,Soybean,Alluvial,DAP,93,78,28,241,32.29,1978,6.32,2011
Odisha,Barley,Black Soil,Organic,118,86,29,73,33.97,2888,6.72,2000
Madhya Pradesh,Groundnut,Red Soil,Compost,127,26,79,266,24.92,2158,7.85,2000
Maharashtra,Wheat,Alluvial,Organic,46,50,26,193,21.46,4077,6.07,2009
Punjab,Rice,Clay,DAP,95,117,133,229,18.07,4250,6.47,2017
Punjab,Rice,Alluvial,Compost,80,95,98,129,27.01,5625,7.02,2014
Kerala,Wheat,Clay,Organic,102,17,103,183,25.05,2718,7.39,2001
Haryana,Millets,Red Soil,NPK,89,37,93,214,29.08,1368,7.75,2016
Tamil Nadu,Maize,Loamy,NPK,111,9,140,262,21.77,3534,7.79,2007
Andhra Pradesh,Maize,Loamy,DAP,23,94,96,181,35.16,2941,7.44,2021
West Bengal,Soybean,Alluvial,Compost,126,81,60,275,23.16,2689,6.07,2021
Madhya Pradesh,Millets,Loamy,Urea,82,31,91,141,22.54,1096,5.56,2008
Tamil Nadu,Millets,Clay,Compost,100,82,163,215,27.61,1014,6.46,2020
Haryana,Sugarcane,Sandy,NPK,99,28,193,218,27.97,83996,5.85,2019
Karnataka,Soybean,Clay,Organic,38,71,17,141,22.31,1582,7.28,2010
Tamil Nadu,Soybean,Sandy,Urea,58,115,174,130,23.44,1602,7.15,2005
Maharashtra,Groundnut,Red Soil,DAP,81,119,130,191,21.4,1163,5.61,2023
Madhya Pradesh,Cotton,Black Soil,Urea,51,67,164,120,32.35,1171,7.59,2013
Telangana,Wheat,Sandy,DAP,51,117,182,263,33.38,2849,6.12,2000
West Bengal,Millets,Loamy,Urea,114,98,13,228,27.24,1300,6.58,2006
Haryana,Rice,Clay,DAP,36,103,95,114,32.26,3605,7.17,2023
Karnataka,Soybean,Red Soil,DAP,67,52,137,270,32.69,1476,6.57,2008
Bihar,Groundnut,Loamy,Urea,55,67,119,101,20.78,2033,6.6,2010
Gujarat,Soybean,Red Soil,Urea,75,82,108,272,37.29,2536,5.66,2023
Haryana,Soybean,Black Soil,DAP,34,16,46,79,34.39,2732,6.5,2022
Gujarat,Groundnut,Clay,NPK,82,32,80,234,22.1,2316,7.41,2015
Madhya Pradesh,Groundnut,Alluvial,Urea,126,48,42,256,21.73,2481,7.79,2018
Punjab,Sugarcane,Clay,Compost,138,97,40,259,20.53,82138,6.53,2001
Haryana,Pulses,Black Soil,Organic,96,47,192,148,20.78,1177,6.56,2014
Bihar,Wheat,Clay,DAP,83,21,134,291,32.94,2112,7.26,2002
Odisha,Wheat,Alluvial,DAP,134,44,21,207,27.38,3686,7.86,2003
Kerala,Barley,Sandy,Organic,76,53,20,147,33.63,1880,6.17,2019
Gujarat,Groundnut,Red Soil,NPK,15,89,97,91,32.9,2095,6.6,2021
Kerala,Cotton,Alluvial,Organic,134,61,81,188,30.08,1606,7.49,2006
Maharashtra,Barley,Loamy,Urea,67,91,41,76,31.71,2990,7.02,2011
Odisha,Soybean,Black Soil,Organic,79,88,66,201,18.39,1494,5.78,2003
Kerala,Maize,Sandy,DAP,62,68,175,276,24.24,3162,7.07,2009
Uttar Pradesh,Rice,Loamy,Organic,75,79,197,216,30.74,4447,5.97,2005
Uttar Pradesh,Wheat,Loamy,Compost,67,61,95,121,18.21,2612,6.78,2024
Karnataka,Groundnut,Black Soil,Urea,91,102,28,292,18.68,1679,6.82,2021
West Bengal,Sugarcane,Sandy,Organic,96,78,125,67,35.01,55021,7.69,2013
Punjab,Soybean,Loamy,DAP,11,78,193,126,31.66,1843,6.66,2002
Madhya Pradesh,Groundnut,Loamy,Urea,46,111,23,94,23.31,1670,6.2,2016
Haryana,Sugarcane,Sandy,DAP,112,74,42,265,31.74,84346,6.08,2010
Andhra Pradesh,Rice,Clay,NPK,33,104,19,164,33.82,4286,7.69,2009
Maharashtra,Cotton,Loamy,Compost,121,92,89,136,24.14,1371,5.93,2020
Gujarat,Barley,Red Soil,NPK,74,80,73,189,18.74,3560,6.56,2009
Madhya Pradesh,Wheat,Sandy,Compost,138,47,199,226,36.62,3449,5.97,2009
Odisha,Barley,Loamy,Organic,126,27,77,271,24.9,2880,7.43,2002
Rajasthan,Sugarcane,Black Soil,Urea,125,31,101,208,20.14,71861,6.69,2023
Uttar Pradesh,Maize,Alluvial,Organic,114,62,134,141,27.83,4159,6.38,2014
Rajasthan,Rice,Red Soil,Compost,12,113,180,71,33.34,3465,6.4,2016
Bihar,Pulses,Alluvial,Compost,55,41,89,221,22.44,928,7.63,2017
Maharashtra,Cotton,Alluvial,Compost,64,10,68,141,23.39,1813,6.88,2018
Andhra Pradesh,Maize,Loamy,DAP,84,69,189,241,22.86,2255,7.29,2018
Haryana,Cotton,Red Soil,Urea,54,10,106,126,37.79,1903,7.74,2011
Karnataka,Wheat,Red Soil,Organic,86,54,28,74,21.96,3019,7.75,2023
Andhra Pradesh,Groundnut,Clay,Organic,33,26,158,157,29.5,1754,6.32,2004
Maharashtra,Millets,Alluvial,NPK,44,109,31,228,36.47,1584,7.88,2023
Andhra Pradesh,Pulses,Red Soil,Compost,33,92,18,287,20.95,792,5.56,2015
Maharashtra,Cotton,Clay,Compost,37,29,18,184,37.38,2047,6.44,2014
Maharashtra,Soybean,Sandy,Compost,25,83,36,158,36.91,2668,7.74,2014
Tamil Nadu,Maize,Clay,Organic,68,94,26,183,35.66,3112,6.19,2005
Gujarat,Wheat,Black Soil,NPK,24,76,181,73,22.3,3858,6.18,2011
Telangana,Soybean,Loamy,DAP,20,55,54,68,30.66,1181,6.26,2001
Rajasthan,Maize,Sandy,Urea,88,92,17,132,33.19,4172,7.03,2019
Telangana,Rice,Sandy,DAP,124,52,155,277,37.68,5108,6.6,2008
Telangana,Pulses,Black Soil,Organic,77,106,134,164,21.62,842,7.32,2003
Telangana,Groundnut,Clay,Compost,52,74,132,58,33.29,1352,7.74,2004
Kerala,Wheat,Loamy,Urea,78,103,42,161,24.78,2657,7.19,2020
Uttar Pradesh,Rice,Clay,Organic,84,110,10,213,21.52,4279,6.01,2007
Tamil Nadu,Sugarcane,Red Soil,Organic,112,69,15,151,26.42,85799,7.83,2021
Haryana,Rice,Clay,Organic,50,64,50,217,33.85,5805,6.16,2009
Tamil Nadu,Maize,Sandy,Urea,68,50,192,270,27.29,2211,5.87,2006
Punjab,Groundnut,Loamy,Urea,48,40,14,201,28.74,1229,5.72,2021
Punjab,Barley,Clay,NPK,12,62,196,97,37.86,3011,6.91,2013
Kerala,Wheat,Loamy,NPK,16,80,89,240,25.98,2463,5.78,2004
Uttar Pradesh,Cotton,Loamy,DAP,58,42,27,118,30.29,1122,5.85,2015
Andhra Pradesh,Maize,Red Soil,Urea,35,15,186,230,25.3,2919,6.25,2014
Gujarat,Cotton,Red Soil,Urea,110,16,91,231,25.85,1620,6.2,2004
Uttar Pradesh,Soybean,Sandy,Urea,88,46,74,219,31.89,1780,7.01,2002
Kerala,Barley,Black Soil,NPK,11,118,92,168,36.72,2752,7.54,2022
Maharashtra,Rice,Loamy,Organic,136,43,191,94,28.83,5305,7.4,2009
Odisha,Sugarcane,Black Soil,Compost,29,75,198,174,33.34,58388,6.16,2004
Gujarat,Groundnut,Sandy,NPK,126,15,145,267,19.8,2481,6.11,2022
West Bengal,Sugarcane,Loamy,Urea,41,40,140,63,22.23,73987,7.91,2014
Rajasthan,Cotton,Loamy,NPK,37,56,34,280,28.03,1535,5.52,2017
Gujarat,Wheat,Alluvial,DAP,86,35,78,206,18.42,2534,7.7,2024
Kerala,Pulses,Black Soil,Urea,10,37,192,293,23.06,649,6.0,2007
Maharashtra,Sugarcane,Clay,DAP,65,17,177,183,28.34,69437,7.87,2020
Maharashtra,Rice,Red Soil,Urea,44,22,91,184,18.32,3640,6.36,2001
Karnataka,Wheat,Clay,NPK,121,45,187,86,23.3,3174,6.6,2021
Telangana,Barley,Black Soil,Organic,39,62,126,102,28.27,1862,7.27,2007
Uttar Pradesh,Rice,Red Soil,Compost,63,60,104,67,29.45,4679,6.97,2022
Maharashtra,Sugarcane,Clay,DAP,45,28,42,264,36.48,81698,6.29,2007
Punjab,Sugarcane,Alluvial,NPK,89,77,120,285,30.89,73683,6.88,2003
Telangana,Soybean,Red Soil,Organic,67,35,155,87,26.29,2388,7.33,2018
Haryana,Cotton,Loamy,NPK,92,59,134,236,36.57,2204,5.61,2022
Odisha,Maize,Clay,DAP,74,109,194,178,33.67,3486,5.53,2017
Kerala,Cotton,Red Soil,Compost,78,14,25,245,22.01,1590,6.65,2020
Rajasthan,Groundnut,Alluvial,NPK,137,64,89,292,20.63,1895,5.83,2022
Uttar Pradesh,Millets,Red Soil,Urea,60,6,47,93,31.5,1718,7.16,2000
Madhya Pradesh,Rice,Red Soil,Organic,31,106,178,96,29.18,3171,6.04,2019
Punjab,Sugarcane,Alluvial,NPK,116,19,144,84,33.77,66075,6.58,2014
Bihar,Rice,Clay,Organic,118,7,87,264,32.75,5700,5.99,2017
West Bengal,Rice,Sandy,Urea,125,47,190,268,30.49,6030,6.87,2021
Andhra Pradesh,Soybean,Clay,Compost,110,35,72,109,37.69,2685,5.79,2011
Maharashtra,Wheat,Black Soil,Compost,109,74,121,139,28.66,2787,5.56,2000
Madhya Pradesh,Groundnut,Alluvial,Urea,77,71,98,101,20.28,1320,5.63,2006
Maharashtra,Wheat,Clay,Organic,45,60,169,57,34.54,3843,7.89,2018
Gujarat,Sugarcane,Red Soil,NPK,31,67,47,156,23.04,57597,5.86,2000
Punjab,Wheat,Alluvial,Urea,75,79,159,257,33.52,1977,7.27,2023
Gujarat,Wheat,Loamy,DAP,30,19,153,218,37.1,2611,5.67,2006
Karnataka,Wheat,Clay,Organic,109,113,61,180,31.91,3941,5.77,2001
Gujarat,Soybean,Alluvial,Compost,137,96,38,273,29.9,2809,6.77,2006
Karnataka,Wheat,Clay,Urea,53,14,153,246,27.2,3960,6.66,2018
West Bengal,Cotton,Alluvial,Compost,112,42,85,261,25.29,1377,7.88,2012
Kerala,Cotton,Red Soil,Organic,56,51,154,191,25.06,1495,7.86,2024
Karnataka,Soybean,Loamy,Compost,48,61,73,145,30.71,1715,7.45,2023
Madhya Pradesh,Wheat,Loamy,Urea,38,54,100,75,33.0,3599,7.01,2004
Telangana,Sugarcane,Black Soil,Organic,63,118,98,160,31.55,71604,6.64,2022
Maharashtra,Groundnut,Alluvial,DAP,99,75,22,247,21.98,1231,6.39,2018
Andhra Pradesh,Groundnut,Clay,Urea,94,19,81,172,27.87,2102,7.87,2000
Telangana,Maize,Loamy,NPK,26,22,193,235,33.81,2576,7.01,2000
Rajasthan,Cotton,Loamy,Urea,89,86,14,277,27.51,1838,6.95,2017
Kerala,Barley,Sandy,Organic,82,109,21,217,28.72,3418,6.08,2023
Gujarat,Rice,Sandy,Urea,58,92,178,100,33.4,3731,5.62,2000
Bihar,Wheat,Loamy,DAP,110,6,12,172,31.21,2568,7.86,2004
Rajasthan,Rice,Alluvial,DAP,11,108,42,54,26.18,3188,6.28,2008
Punjab,Cotton,Black Soil,NPK,68,88,130,126,35.87,1323,6.61,2011
Karnataka,Maize,Loamy,Compost,106,102,59,209,21.26,2488,5.79,2008
Maharashtra,Wheat,Red Soil,Organic,108,47,193,257,37.87,3553,7.59,2017
Odisha,Barley,Clay,Organic,112,30,146,50,20.39,2333,5.57,2022
Uttar Pradesh,Cotton,Black Soil,Compost,11,75,187,254,18.32,2226,7.58,2010
Madhya Pradesh,Rice,Red Soil,DAP,50,42,38,231,35.77,4084,5.85,2000
Andhra Pradesh,Rice,Black Soil,DAP,132,98,48,60,22.9,4160,7.72,2018
Tamil Nadu,Soybean,Red Soil,Urea,91,46,100,230,32.57,1909,7.32,2021
Madhya Pradesh,Wheat,Clay,NPK,38,9,109,57,34.19,3359,5.91,2024
West Bengal,Sugarcane,Clay,NPK,23,15,182,202,35.15,69538,6.91,2009
Odisha,Barley,Sandy,NPK,21,69,26,217,37.79,2979,6.28,2001
Bihar,Groundnut,Alluvial,Urea,108,38,65,81,23.88,2244,5.95,2006
Uttar Pradesh,Sugarcane,Red Soil,NPK,90,5,55,265,32.18,86602,7.65,2019
Odisha,Pulses,Sandy,Compost,115,87,76,77,20.32,1332,6.51,2001
Gujarat,Barley,Red Soil,Urea,41,6,151,255,26.13,1698,6.5,2018
Karnataka,Cotton,Sandy,Compost,83,89,76,286,34.93,2193,5.92,2005
Kerala,Sugarcane,Clay,Urea,90,24,32,180,25.35,86894,6.46,2009
Andhra Pradesh,Groundnut,Black Soil,NPK,78,65,103,277,29.81,2425,7.68,2008
Haryana,Pulses,Sandy,Compost,54,91,198,177,28.07,637,6.41,2007
Karnataka,Rice,Red Soil,Compost,115,25,160,268,30.9,5786,7.88,2010
Haryana,Cotton,Red Soil,Compost,109,92,164,261,37.42,1441,7.87,2008
Rajasthan,Maize,Alluvial,Urea,18,72,63,288,19.13,2229,5.86,2019
Kerala,Wheat,Clay,Organic,71,16,147,256,29.46,3573,5.94,2019
Uttar Pradesh,Pulses,Red Soil,NPK,38,26,86,111,35.23,1575,7.66,2008
Maharashtra,Pulses,Loamy,Compost,134,24,25,76,27.62,1154,6.48,2007
Tamil Nadu,Maize,Black Soil,Organic,123,86,50,294,19.59,4317,5.51,2014
Punjab,Cotton,Sandy,NPK,129,5,107,94,29.2,897,6.18,2001
Telangana,Maize,Alluvial,NPK,88,34,192,154,24.64,2200,6.99,2023
Kerala,Soybean,Black Soil,Compost,102,101,137,141,21.11,2403,7.5,2000
Karnataka,Soybean,Clay,Compost,13,28,70,74,34.95,1735,5.83,2008
Andhra Pradesh,Barley,Alluvial,Urea,91,18,95,283,28.42,3456,5.78,2008
Telangana,Cotton,Sandy,Organic,84,40,127,238,36.63,1508,7.81,2012
West Bengal,Wheat,Sandy,Organic,23,73,109,93,34.09,2463,7.38,2007
West Bengal,Pulses,Loamy,Compost,123,79,58,287,31.84,1080,6.97,2020
Odisha,Wheat,Clay,NPK,71,28,189,274,18.12,2609,7.42,2004
Telangana,Groundnut,Alluvial,Compost,115,64,11,223,26.55,2426,6.57,2002
Andhra Pradesh,Millets,Alluvial,NPK,73,99,129,191,21.96,1203,7.4,2020
Uttar Pradesh,Cotton,Red Soil,NPK,111,59,187,185,36.18,1536,6.43,2003
Rajasthan,Sugarcane,Loamy,Compost,115,81,132,225,21.5,83891,6.11,2016
Haryana,Pulses,Loamy,DAP,29,84,95,191,23.72,843,7.32,2015
Odisha,Millets,Alluvial,Organic,67,28,180,242,28.33,1662,6.55,2015
West Bengal,Maize,Alluvial,NPK,121,81,86,129,23.27,2628,7.95,2024
Punjab,Groundnut,Black Soil,NPK,66,28,145,131,22.2,1335,6.37,2019
Punjab,Groundnut,Black Soil,DAP,128,58,68,184,29.97,2520,7.8,2002
Karnataka,Barley,Black Soil,Urea,106,30,21,256,19.79,3446,7.83,2005
Uttar Pradesh,Barley,Loamy,DAP,101,70,13,137,19.18,2603,6.1,2000
Maharashtra,Rice,Red Soil,DAP,61,84,126,226,25.44,5251,7.5,2020
West Bengal,Groundnut,Sandy,NPK,46,42,104,176,32.39,2263,6.58,2015
Bihar,Cotton,Black Soil,Organic,17,114,134,292,29.08,1517,7.79,2014
Uttar Pradesh,Soybean,Red Soil,DAP,53,69,50,104,26.45,1400,6.63,2006
Rajasthan,Maize,Clay,Urea,107,117,132,190,29.3,3485,7.36,2001
Haryana,Wheat,Black Soil,Compost,127,79,16,250,25.31,2524,6.67,2009
Andhra Pradesh,Millets,Sandy,DAP,78,55,78,233,36.69,843,6.07,2024
Telangana,Sugarcane,Clay,DAP,54,39,78,105,19.11,85312,6.0,2014
West Bengal,Cotton,Clay,Urea,41,47,90,64,31.45,836,6.56,2005
Telangana,Maize,Sandy,Organic,42,33,39,234,35.79,3672,7.39,2001
Punjab,Wheat,Black Soil,DAP,135,41,82,107,34.05,3339,7.01,2023
Andhra Pradesh,Rice,Loamy,DAP,76,85,15,212,21.69,5110,7.22,2023
Andhra Pradesh,Sugarcane,Sandy,Organic,39,62,98,137,23.92,77840,6.21,2016
Andhra Pradesh,Sugarcane,Sandy,Urea,123,58,156,146,32.32,69669,6.7,2000
Punjab,Barley,Sandy,DAP,38,43,75,193,19.7,1798,5.61,2000
Rajasthan,Groundnut,Clay,Organic,39,46,19,57,34.21,1150,7.54,2003
Telangana,Soybean,Red Soil,DAP,139,32,153,270,32.36,2787,7.97,2019
Madhya Pradesh,Sugarcane,Loamy,Compost,71,33,46,264,32.57,62515,6.52,2015
Telangana,Soybean,Black Soil,NPK,12,47,86,222,20.02,1190,5.53,2007
Gujarat,Groundnut,Black Soil,Compost,77,7,86,272,32.33,2404,5.92,2000
Haryana,Soybean,Red Soil,DAP,34,14,41,89,31.58,2706,7.13,2018
Bihar,Maize,Sandy,Urea,53,63,56,290,34.59,2740,7.03,2010
Madhya Pradesh,Cotton,Loamy,NPK,64,110,119,231,18.85,1190,7.47,2016
Haryana,Maize,Black Soil,Compost,139,18,180,296,18.48,4145,6.13,2024
Odisha,Pulses,Alluvial,Organic,50,80,129,63,25.46,1414,7.41,2009
Uttar Pradesh,Soybean,Black Soil,Urea,73,51,173,236,20.99,1579,7.22,2011
Uttar Pradesh,Soybean,Sandy,Compost,40,46,163,294,29.15,1463,6.31,2008
Tamil Nadu,Wheat,Alluvial,Organic,56,98,19,271,36.31,3564,6.86,2006
Uttar Pradesh,Barley,Red Soil,DAP,139,36,168,102,25.83,3754,5.87,2011
Telangana,Cotton,Loamy,Organic,105,36,106,280,34.87,2129,6.63,2014
Punjab,Wheat,Red Soil,Compost,86,46,166,176,18.02,2527,7.7,2007
Bihar,Soybean,Red Soil,Compost,119,36,14,204,21.38,2193,6.55,2016
Maharashtra,Sugarcane,Loamy,DAP,78,30,86,224,18.63,75428,7.6,2004
Karnataka,Wheat,Loamy,Organic,67,119,10,129,24.56,2218,6.98,2013
Tamil Nadu,Sugarcane,Black Soil,Organic,115,5,140,164,36.13,62160,5.98,2001
Kerala,Millets,Black Soil,DAP,53,60,76,183,19.95,967,6.95,2015
Kerala,Groundnut,Loamy,Organic,83,110,172,104,30.11,1811,6.76,2016
Karnataka,Sugarcane,Alluvial,DAP,65,6,24,274,27.02,72367,6.5,2002
Haryana,Soybean,Clay,Urea,136,85,102,93,36.73,2865,5.8,2022
Karnataka,Barley,Black Soil,Compost,39,34,39,67,20.46,2950,6.54,2000
Karnataka,Maize,Clay,Urea,80,107,112,65,22.25,4161,5.68,2017
Kerala,Barley,Alluvial,NPK,127,75,91,61,18.61,3534,5.75,2017
Tamil Nadu,Soybean,Loamy,NPK,64,56,84,197,26.67,1736,6.54,2003
Odisha,Cotton,Alluvial,NPK,76,95,180,94,23.56,1252,6.26,2014
Telangana,Wheat,Black Soil,DAP,12,13,69,241,35.37,2542,7.81,2018
Andhra Pradesh,Wheat,Red Soil,Organic,35,26,49,281,30.08,1593,6.44,2018
Uttar Pradesh,Groundnut,Loamy,Urea,66,38,166,236,30.26,2273,7.39,2009
Uttar Pradesh,Wheat,Sandy,Urea,135,114,83,142,28.63,2286,6.83,2004
Punjab,Cotton,Clay,Urea,62,53,130,271,19.85,1596,7.26,2018
Tamil Nadu,Wheat,Alluvial,Urea,52,5,156,267,26.89,3074,6.15,2010
Punjab,Sugarcane,Loamy,NPK,58,77,12,71,37.95,72606,7.85,2006
Maharashtra,Rice,Alluvial,Urea,51,88,45,146,34.67,4893,6.83,2004
Maharashtra,Soybean,Loamy,Organic,20,57,52,299,35.84,1971,7.58,2019
Punjab,Wheat,Black Soil,NPK,112,87,152,294,34.44,2505,6.41,2011
Tamil Nadu,Soybean,Black Soil,Urea,107,104,178,280,20.07,1829,5.75,2018
Punjab,Pulses,Black Soil,DAP,94,44,124,96,22.56,1497,7.18,2014
Uttar Pradesh,Cotton,Alluvial,Compost,109,49,118,78,18.08,1146,5.52,2011
Madhya Pradesh,Maize,Sandy,Compost,113,72,99,263,24.07,2937,6.69,2003
Gujarat,Pulses,Black Soil,Compost,55,13,173,94,20.19,954,5.98,2011
Kerala,Barley,Loamy,NPK,53,109,93,126,27.45,1915,7.07,2017
Kerala,Maize,Black Soil,Urea,31,26,86,58,31.52,2883,7.95,2016
Bihar,Barley,Red Soil,NPK,123,22,170,73,35.46,3212,6.66,2018
Karnataka,Pulses,Black Soil,Organic,134,80,14,64,32.96,1364,7.54,2015
Gujarat,Maize,Alluvial,DAP,133,110,87,213,36.74,4067,6.77,2010
Telangana,Rice,Sandy,DAP,39,47,100,62,19.09,3143,6.74,2001
Tamil Nadu,Maize,Red Soil,Compost,17,43,96,140,18.26,2667,7.83,2015
Rajasthan,Rice,Alluvial,Compost,107,77,23,221,31.21,4040,7.72,2000
Gujarat,Maize,Alluvial,Compost,66,10,113,150,23.79,2002,7.46,2016
Bihar,Wheat,Alluvial,Urea,120,87,92,120,23.07,3230,6.24,2017
Maharashtra,Cotton,Loamy,Organic,82,52,184,249,24.62,1476,6.86,2024
Haryana,Cotton,Alluvial,Organic,124,115,63,278,23.4,2007,6.06,2012
Karnataka,Soybean,Loamy,Organic,29,11,141,282,28.22,2302,6.61,2004
Bihar,Groundnut,Alluvial,Organic,34,84,104,255,26.8,2166,6.71,2024
Andhra Pradesh,Soybean,Clay,Compost,28,73,18,171,28.24,2353,7.58,2023
Rajasthan,Rice,Red Soil,DAP,14,20,62,125,31.43,2937,7.74,2005
Tamil Nadu,Groundnut,Clay,Compost,84,5,86,213,25.74,1635,6.54,2000
Karnataka,Barley,Alluvial,Organic,137,119,69,165,23.03,2576,5.54,2009
Telangana,Soybean,Red Soil,Compost,81,41,55,110,21.33,2003,7.65,2004
Gujarat,Groundnut,Red Soil,Organic,49,107,63,281,24.99,1255,5.94,2000
Maharashtra,Sugarcane,Sandy,NPK,35,87,83,258,32.81,58321,7.05,2022
Odisha,Rice,Clay,DAP,36,41,121,217,33.11,4710,5.56,2010
Madhya Pradesh,Soybean,Sandy,NPK,92,85,104,294,31.32,2548,6.5,2023
Andhra Pradesh,Barley,Red Soil,Urea,137,68,174,270,22.69,3348,7.96,2023
Rajasthan,Barley,Loamy,Compost,42,94,32,175,29.75,2421,5.75,2006
Madhya Pradesh,Wheat,Red Soil,Urea,106,90,36,204,29.4,3248,6.56,2017
Karnataka,Wheat,Sandy,Compost,120,66,79,50,27.68,3343,6.27,2020
Maharashtra,Pulses,Clay,NPK,25,76,118,293,28.99,1260,7.76,2019
Maharashtra,Maize,Alluvial,Organic,32,65,198,211,27.83,1834,7.67,2020
Bihar,Rice,Alluvial,Organic,35,37,86,117,29.3,4793,6.09,2009
Kerala,Barley,Clay,Compost,105,70,188,137,32.29,2972,5.7,2024
Kerala,Groundnut,Alluvial,Organic,21,34,59,70,20.21,1220,7.07,2014
Gujarat,Wheat,Alluvial,NPK,81,115,133,210,32.97,1909,6.34,2003
Bihar,Groundnut,Sandy,Organic,115,24,28,184,20.73,1386,7.18,2015
Uttar Pradesh,Sugarcane,Clay,NPK,126,64,10,242,19.35,72839,5.58,2014
Gujarat,Rice,Black Soil,Urea,35,86,49,282,37.48,5579,5.83,2014
Uttar Pradesh,Maize,Loamy,NPK,31,111,169,52,37.1,2486,7.22,2011
Kerala,Groundnut,Loamy,DAP,22,78,31,285,19.23,1458,6.03,2007
Bihar,Groundnut,Alluvial,DAP,116,28,121,100,26.86,2462,7.64,2007
Uttar Pradesh,Rice,Loamy,DAP,32,8,49,128,21.73,3521,5.65,2017
Andhra Pradesh,Sugarcane,Clay,Compost,106,41,47,144,27.7,58527,6.04,2005
Bihar,Rice,Clay,Compost,27,8,57,231,34.57,4232,8.0,2004
Kerala,Soybean,Red Soil,Compost,126,81,192,257,36.98,2722,6.58,2001
Gujarat,Barley,Red Soil,NPK,39,93,84,251,30.67,2721,7.26,2011
West Bengal,Soybean,Loamy,Compost,35,81,192,295,25.08,1863,5.96,2003
Bihar,Pulses,Black Soil,Urea,48,22,188,270,30.05,1561,7.02,2022
Odisha,Soybean,Red Soil,DAP,139,92,116,172,24.24,2758,7.32,2012
Rajasthan,Maize,Red Soil,NPK,122,70,197,236,36.16,2496,6.29,2016
Kerala,Soybean,Clay,DAP,55,52,17,55,35.38,2436,7.57,2015
Punjab,Millets,Black Soil,Compost,59,37,95,206,29.15,631,7.01,2008
Punjab,Rice,Alluvial,NPK,115,62,77,66,24.5,5074,6.47,2000
Gujarat,Cotton,Loamy,Organic,81,87,84,166,23.87,1263,6.89,2014
Gujarat,Wheat,Red Soil,Urea,83,77,146,109,18.69,3689,6.94,2011
Madhya Pradesh,Cotton,Black Soil,Compost,26,32,99,199,34.29,1438,5.91,2004
Rajasthan,Cotton,Black Soil,Compost,79,39,139,201,27.0,2062,6.51,2022
Rajasthan,Millets,Loamy,Urea,15,107,89,174,24.5,1037,6.36,2023
Andhra Pradesh,Wheat,Black Soil,Urea,35,14,104,130,27.41,3086,6.5,2017
Gujarat,Sugarcane,Black Soil,Organic,108,69,79,134,34.35,64721,7.4,2019
Rajasthan,Maize,Black Soil,Compost,31,46,99,100,20.5,3826,6.71,2001
Telangana,Maize,Red Soil,Compost,60,89,68,227,35.12,3716,7.85,2003
Madhya Pradesh,Cotton,Loamy,DAP,113,13,156,188,35.92,1343,6.23,2014
Uttar Pradesh,Groundnut,Black Soil,NPK,98,64,37,233,36.9,2427,6.54,2005
Maharashtra,Sugarcane,Black Soil,NPK,18,115,81,120,25.95,67143,7.47,2021
Maharashtra,Pulses,Red Soil,DAP,88,19,23,219,22.35,1217,6.87,2011
Uttar Pradesh,Groundnut,Loamy,NPK,61,103,33,88,25.47,2048,6.87,2017
Tamil Nadu,Groundnut,Clay,Urea,139,61,121,118,24.66,1346,5.63,2019
Kerala,Rice,Red Soil,NPK,22,73,53,285,21.53,6009,6.5,2003
Madhya Pradesh,Pulses,Loamy,NPK,60,109,65,97,30.13,878,6.18,2000
Telangana,Groundnut,Black Soil,DAP,43,26,129,174,27.52,1275,8.0,2014
Rajasthan,Wheat,Loamy,Organic,44,68,188,106,35.28,3576,6.27,2017
West Bengal,Barley,Loamy,NPK,129,45,41,70,18.66,3310,7.71,2013
Madhya Pradesh,Soybean,Alluvial,NPK,79,91,187,131,30.86,1546,7.19,2002
Bihar,Soybean,Loamy,Organic,76,75,178,148,33.23,1579,6.35,2014
Uttar Pradesh,Rice,Clay,DAP,112,60,34,197,33.16,5743,6.86,2004
Telangana,Millets,Loamy,Organic,82,27,125,64,35.69,697,7.6,2023
Odisha,Groundnut,Clay,DAP,125,112,198,118,32.56,2467,7.71,2021
Haryana,Rice,Black Soil,Urea,76,29,75,254,36.52,5752,5.9,2002
Karnataka,Wheat,Clay,DAP,130,95,51,228,24.65,3015,6.35,2021
Kerala,Rice,Black Soil,Urea,103,109,173,125,28.05,4467,6.34,2006
Uttar Pradesh,Maize,Black Soil,Urea,138,10,85,111,18.3,3630,5.61,2005
West Bengal,Rice,Clay,DAP,100,38,146,168,18.16,4610,7.0,2021
